pista,celda,path_id,id,estado,segundos
A,gaussiano_regimen__d21__i1.00,0,D05,cache,149.41911379998783
A,gaussiano_regimen__d21__i1.00,10,D05,cache,158.86397740000393
A,gaussiano_regimen__d21__i0.50,0,D05,cache,158.51369910000358
A,gaussiano_regimen__d21__i0.50,1,D05,cache,181.8613942000084
A,gaussiano_regimen__d21__i0.50,3,D05,cache,150.30735449999338
A,gaussiano_regimen__d21__i0.50,2,D05,cache,155.33042650000425
A,gaussiano_regimen__d21__i0.50,4,D05,cache,144.50822399999015
A,gaussiano_regimen__d21__i0.50,5,D05,cache,153.91011920000892
A,gaussiano_regimen__d21__i0.50,6,D05,cache,143.39525810000487
A,gaussiano_regimen__d21__i0.50,7,D05,cache,161.54520809999667
A,gaussiano_regimen__d21__i0.50,8,D05,cache,145.294669600029
A,gaussiano_regimen__d21__i0.50,9,D05,cache,151.54505129996687
A,gaussiano_regimen__d21__i0.50,10,D05,cache,166.37205449998146
A,gaussiano_regimen__d63__i1.00,0,D05,cache,152.03054559999146
A,gaussiano_regimen__d21__i1.00,2,D05,cache,159.64275990001624
A,gaussiano_regimen__d63__i1.00,1,D05,cache,156.99507070000982
A,gaussiano_regimen__d63__i1.00,2,D05,cache,146.20777239999734
A,gaussiano_regimen__d63__i1.00,3,D05,cache,137.31566969997948
A,gaussiano_regimen__d21__i1.00,1,D05,cache,167.9087656000047
A,gaussiano_regimen__d63__i1.00,4,D05,cache,137.19261720002396
A,gaussiano_regimen__d63__i1.00,5,D05,cache,138.61030699999537
A,gaussiano_regimen__d63__i1.00,6,D05,cache,148.9285566000035
A,gaussiano_regimen__d21__i1.00,4,D05,cache,166.87039920000825
A,gaussiano_regimen__d63__i1.00,7,D05,cache,141.66112249996513
A,gaussiano_regimen__d21__i1.00,6,D05,cache,144.51652599999215
A,gaussiano_regimen__d63__i1.00,8,D05,cache,162.4633799000294
A,gaussiano_regimen__d21__i1.00,3,D05,cache,135.630233999982
A,gaussiano_regimen__d63__i1.00,9,D05,cache,151.12188099999912
A,gaussiano_regimen__d21__i1.00,7,D05,cache,163.07315090001794
A,gaussiano_regimen__d21__i1.00,8,D05,cache,154.15270059998147
A,gaussiano_regimen__d63__i1.00,10,D05,cache,156.60649169998942
A,gaussiano_regimen__d21__i1.00,5,D05,cache,159.28919300000416
A,gaussiano_regimen__d63__i0.50,0,D05,cache,177.17523100000108
A,gaussiano_regimen__d63__i0.50,1,D05,cache,160.70120540005155
A,gaussiano_regimen__d21__i1.00,9,D05,cache,163.45641709998017
A,gaussiano_regimen__d63__i0.50,2,D05,cache,151.23468270001467
A,gaussiano_regimen__d63__i0.50,3,D05,cache,165.30676929996116
A,gaussiano_regimen__d63__i0.50,4,D05,cache,166.90361549996305
A,gaussiano_regimen__d63__i0.50,5,D05,cache,158.46453009999823
A,gaussiano_regimen__d63__i0.50,6,D05,cache,172.49585050001042
A,gaussiano_regimen__d63__i0.50,7,D05,cache,178.37896279996494
A,gaussiano_regimen__d63__i0.50,8,D05,cache,196.44403040001637
A,gaussiano_regimen__d63__i0.50,9,D05,cache,171.88580859999638
A,gaussiano_regimen__d63__i0.50,10,D05,cache,207.15712570003237
A,gaussiano_regimen__d252__i1.00,0,D05,cache,167.06114770000568
A,gaussiano_regimen__d252__i1.00,1,D05,cache,174.2568114000023
A,gaussiano_regimen__d252__i1.00,2,D05,cache,169.56677630002378
A,gaussiano_regimen__d252__i1.00,3,D05,cache,171.3286447999999
A,gaussiano_regimen__d252__i1.00,4,D05,cache,164.96965520002414
A,gaussiano_regimen__d252__i1.00,5,D05,cache,168.89755069999956
A,gaussiano_regimen__d252__i1.00,6,D05,cache,157.52247159997933
A,gaussiano_regimen__d252__i1.00,7,D05,cache,169.45270279998658
A,gaussiano_regimen__d252__i1.00,8,D05,cache,164.49512570002116
A,gaussiano_regimen__d252__i1.00,9,D05,cache,159.2908142999513
A,gaussiano_regimen__d252__i1.00,10,D05,cache,165.84735190001084
A,gaussiano_regimen__d252__i0.50,0,D05,cache,172.94173139997292
A,gaussiano_regimen__d252__i0.50,1,D05,cache,173.19795289996546
A,gaussiano_regimen__d252__i0.50,2,D05,cache,157.42048390000127
A,gaussiano_regimen__d252__i0.50,3,D05,cache,158.67442739999387
A,gaussiano_regimen__d252__i0.50,4,D05,cache,168.40863230003745
A,gaussiano_regimen__d252__i0.50,5,D05,cache,187.99492979998467
A,gaussiano_regimen__d252__i0.50,6,D05,cache,200.36466189997736
A,gaussiano_regimen__d252__i0.50,7,D05,cache,198.25595940003404
A,gaussiano_regimen__d252__i0.50,8,D05,cache,185.0625113999704
A,gaussiano_regimen__d252__i0.50,9,D05,cache,183.853484399966
A,gaussiano_regimen__d252__i0.50,10,D05,cache,195.7539577000425
A,var_regimen__d21__i1.00,0,D05,cache,148.97560710000107
A,var_regimen__d21__i1.00,1,D05,cache,141.61807140003657
A,var_regimen__d21__i1.00,2,D05,cache,143.08284009998897
A,var_regimen__d21__i1.00,3,D05,cache,153.37535539997043
A,var_regimen__d21__i1.00,4,D05,cache,131.42024770000717
A,var_regimen__d21__i1.00,5,D05,cache,133.01369389996398
A,var_regimen__d21__i1.00,6,D05,cache,129.31146159995114
A,var_regimen__d21__i1.00,7,D05,cache,131.1060241999803
A,var_regimen__d21__i1.00,8,D05,cache,137.41387679998297
A,var_regimen__d21__i1.00,10,D05,cache,134.3016159000108
A,var_regimen__d21__i1.00,9,D05,cache,135.55237049999414
A,var_regimen__d21__i0.50,0,D05,cache,139.0253042000113
A,var_regimen__d21__i0.50,1,D05,cache,131.5800159999635
A,var_regimen__d21__i0.50,2,D05,cache,130.2496703999932
A,var_regimen__d21__i0.50,3,D05,cache,127.75236380001296
A,var_regimen__d21__i0.50,4,D05,cache,126.92200110002888
A,var_regimen__d21__i0.50,5,D05,cache,128.98124059999827
A,var_regimen__d21__i0.50,6,D05,cache,126.64458720001858
A,var_regimen__d21__i0.50,7,D05,cache,127.83538170001702
A,var_regimen__d21__i0.50,8,D05,cache,133.7154519999749
A,var_regimen__d21__i0.50,9,D05,cache,130.28841029998148
A,var_regimen__d21__i0.50,10,D05,cache,129.82023160002427
A,var_regimen__d63__i1.00,0,D05,cache,132.26303259999258
A,var_regimen__d63__i1.00,1,D05,cache,125.34863039996708
A,var_regimen__d63__i1.00,2,D05,cache,126.98821510002016
A,var_regimen__d63__i1.00,3,D05,cache,129.2188142000232
A,var_regimen__d63__i1.00,4,D05,cache,127.2849639999913
A,var_regimen__d63__i1.00,5,D05,cache,129.04795599996578
A,var_regimen__d63__i1.00,6,D05,cache,129.78175650001504
A,var_regimen__d63__i1.00,7,D05,cache,129.67614049999975
A,var_regimen__d63__i1.00,8,D05,cache,144.84012589999475
A,var_regimen__d63__i1.00,9,D05,cache,132.1255347999977
A,var_regimen__d63__i1.00,10,D05,cache,132.74957270000596
A,var_regimen__d63__i0.50,0,D05,cache,136.26198250002926
A,var_regimen__d63__i0.50,2,D05,cache,128.83752290002303
A,var_regimen__d63__i0.50,3,D05,cache,131.48271770001156
A,var_regimen__d63__i0.50,1,D05,cache,129.75787450000644
A,var_regimen__d63__i0.50,4,D05,cache,129.4247664999566
A,var_regimen__d63__i0.50,5,D05,cache,131.6702998999972
A,var_regimen__d63__i0.50,7,D05,cache,129.70741620002082
A,var_regimen__d63__i0.50,6,D05,cache,127.96210140001494
A,var_regimen__d63__i0.50,9,D05,cache,131.66686519997893
A,var_regimen__d63__i0.50,8,D05,cache,142.1262507000356
A,var_regimen__d63__i0.50,10,D05,cache,129.31299760000547
A,var_regimen__d252__i1.00,1,D05,ok,129.11236600001575
A,var_regimen__d252__i1.00,9,D05,ok,129.19415060000028
A,var_regimen__d252__i1.00,2,D05,ok,129.33519140002318
A,var_regimen__d252__i1.00,8,D05,ok,129.60675349994565
A,var_regimen__d252__i1.00,6,D05,ok,130.25815700000385
A,var_regimen__d252__i1.00,4,D05,ok,130.80771600001026
A,var_regimen__d252__i1.00,5,D05,ok,131.99421739997342
A,var_regimen__d252__i1.00,0,D05,ok,136.94390130002284
A,var_regimen__d252__i1.00,3,D05,ok,140.49880170001416
A,var_regimen__d252__i1.00,7,D05,ok,141.0134537999984
A,var_regimen__d252__i0.50,1,D05,ok,126.8731614999706
A,var_regimen__d252__i0.50,2,D05,ok,128.49601400003303
A,var_regimen__d252__i1.00,10,D05,ok,130.06766870000865
A,var_regimen__d252__i0.50,4,D05,ok,130.55101779999677
A,var_regimen__d252__i0.50,5,D05,ok,131.3364605999668
A,var_regimen__d252__i0.50,6,D05,ok,129.68827809998766
A,var_regimen__d252__i0.50,8,D05,ok,126.4490479999804
A,var_regimen__d252__i0.50,3,D05,ok,140.38284009997733
A,var_regimen__d252__i0.50,0,D05,ok,143.37882029998582
A,var_regimen__d252__i0.50,7,D05,ok,142.5424701999873
A,var_regimen__d252__i0.50,9,D05,ok,124.89534190000268
A,var_regimen__d252__i0.50,10,D05,ok,130.90861469996162
A,garch_regimen__d21__i1.00,0,D05,ok,130.61454009998124
A,garch_regimen__d21__i1.00,2,D05,ok,132.11107290000655
A,garch_regimen__d21__i1.00,4,D05,ok,135.03106639999896
A,garch_regimen__d21__i1.00,6,D05,ok,130.06985799997346
A,garch_regimen__d21__i1.00,5,D05,ok,132.12580629996955
A,garch_regimen__d21__i1.00,3,D05,ok,136.98688159999438
A,garch_regimen__d21__i1.00,1,D05,ok,143.32033070002217
A,garch_regimen__d21__i1.00,7,D05,ok,136.96948339999653
A,garch_regimen__d21__i1.00,8,D05,ok,139.788410499983
A,garch_regimen__d21__i1.00,10,D05,ok,139.78701899998123
A,garch_regimen__d21__i1.00,9,D05,ok,144.2927469999995
A,garch_regimen__d21__i0.50,0,D05,ok,140.4992996000219
A,garch_regimen__d21__i0.50,2,D05,ok,140.83632519998355
A,garch_regimen__d21__i0.50,3,D05,ok,142.68335119995754
A,garch_regimen__d21__i0.50,5,D05,ok,142.9573226000066
A,garch_regimen__d21__i0.50,4,D05,ok,146.3875454000081
A,garch_regimen__d21__i0.50,1,D05,ok,156.83332609996432
A,garch_regimen__d21__i0.50,6,D05,ok,144.33777260000352
A,garch_regimen__d21__i0.50,7,D05,ok,157.61943339998834
A,garch_regimen__d21__i0.50,8,D05,ok,172.46027420001337
A,garch_regimen__d63__i1.00,0,D05,ok,159.45538309996482
A,garch_regimen__d21__i0.50,10,D05,ok,168.74284139997326
A,garch_regimen__d63__i1.00,1,D05,ok,159.46118109999225
A,garch_regimen__d63__i1.00,3,D05,ok,160.9493502000114
A,garch_regimen__d21__i0.50,9,D05,ok,178.03299879998667
A,garch_regimen__d63__i1.00,2,D05,ok,172.1594308000058
A,garch_regimen__d63__i1.00,5,D05,ok,157.825249000045
A,garch_regimen__d63__i1.00,4,D05,ok,166.43694250000408
A,garch_regimen__d63__i1.00,6,D05,ok,142.8535762000247
A,garch_regimen__d63__i1.00,10,D05,ok,137.0656077999738
A,garch_regimen__d63__i1.00,8,D05,ok,141.2651770999655
A,garch_regimen__d63__i1.00,9,D05,ok,140.30476109997835
A,garch_regimen__d63__i1.00,7,D05,ok,144.8090755000012
A,garch_regimen__d63__i0.50,0,D05,ok,140.12527389999013
A,garch_regimen__d63__i0.50,1,D05,ok,142.13494939997327
A,garch_regimen__d63__i0.50,2,D05,ok,142.15982339996845
A,garch_regimen__d63__i0.50,4,D05,ok,140.22415959998034
A,garch_regimen__d63__i0.50,3,D05,ok,143.970136799966
A,garch_regimen__d63__i0.50,5,D05,ok,154.35060440003872
A,garch_regimen__d63__i0.50,8,D05,ok,150.90175020002062
A,garch_regimen__d63__i0.50,9,D05,ok,150.27440419996856
A,garch_regimen__d63__i0.50,6,D05,ok,159.98823409999022
A,garch_regimen__d252__i1.00,0,D05,ok,150.49123290000716
A,garch_regimen__d63__i0.50,7,D05,ok,163.65244380000513
A,garch_regimen__d63__i0.50,10,D05,ok,158.19850709999446
A,garch_regimen__d252__i1.00,1,D05,ok,147.73770779999904
A,garch_regimen__d252__i1.00,2,D05,ok,146.5541648999788
A,garch_regimen__d252__i1.00,3,D05,ok,153.6018594999914
A,garch_regimen__d252__i1.00,4,D05,ok,135.57138789998135
A,garch_regimen__d252__i1.00,5,D05,ok,134.30717949999962
A,garch_regimen__d252__i1.00,6,D05,ok,134.0324310999713
A,garch_regimen__d252__i1.00,8,D05,ok,132.88757239998083
A,garch_regimen__d252__i1.00,7,D05,ok,135.66224019997753
A,garch_regimen__d252__i1.00,10,D05,ok,130.64266949996818
A,garch_regimen__d252__i1.00,9,D05,ok,135.58675759995822
A,garch_regimen__d252__i0.50,0,D05,ok,135.39246239996282
A,garch_regimen__d252__i0.50,1,D05,ok,135.80347210000036
A,garch_regimen__d252__i0.50,2,D05,ok,136.25351100001717
A,gaussiano_regimen__d21__i1.00,0,D08,ok,65.57655589998467
A,gaussiano_regimen__d21__i1.00,1,D08,ok,63.21537829999579
A,garch_regimen__d252__i0.50,3,D05,ok,125.45736729999771
A,garch_regimen__d252__i0.50,4,D05,ok,126.81969920004484
A,garch_regimen__d252__i0.50,5,D05,ok,126.69947769999273
A,garch_regimen__d252__i0.50,6,D05,ok,125.76364329998614
A,garch_regimen__d252__i0.50,8,D05,ok,123.50913699995726
A,garch_regimen__d252__i0.50,7,D05,ok,130.00089450000087
A,garch_regimen__d252__i0.50,10,D05,ok,122.594630699954
A,garch_regimen__d252__i0.50,9,D05,ok,125.14247580000664
A,gaussiano_regimen__d21__i1.00,2,D08,ok,59.49950279999757
A,gaussiano_regimen__d21__i1.00,3,D08,ok,59.16025040001841
A,gaussiano_regimen__d21__i1.00,4,D08,ok,60.78353670000797
A,gaussiano_regimen__d21__i1.00,5,D08,ok,60.171362499997485
A,gaussiano_regimen__d21__i1.00,8,D08,ok,57.55775070004165
A,gaussiano_regimen__d21__i1.00,6,D08,ok,64.03026440000394
A,gaussiano_regimen__d21__i1.00,7,D08,ok,61.4943546000286
A,gaussiano_regimen__d21__i1.00,10,D08,ok,58.84927889995743
A,gaussiano_regimen__d21__i0.50,0,D08,ok,59.17741920001572
A,gaussiano_regimen__d21__i1.00,9,D08,ok,62.94922369997949
A,gaussiano_regimen__d21__i0.50,1,D08,ok,64.76186610001605
A,gaussiano_regimen__d21__i0.50,2,D08,ok,62.840952200000174
A,gaussiano_regimen__d21__i0.50,3,D08,ok,67.2203823000309
A,gaussiano_regimen__d21__i0.50,4,D08,ok,61.19433630001731
A,gaussiano_regimen__d21__i0.50,5,D08,ok,64.92163040000014
A,gaussiano_regimen__d21__i0.50,6,D08,ok,64.62074250000296
A,gaussiano_regimen__d21__i0.50,8,D08,ok,61.37261939997552
A,gaussiano_regimen__d21__i0.50,7,D08,ok,68.05134180001915
A,gaussiano_regimen__d63__i1.00,0,D08,ok,54.191045900050085
A,gaussiano_regimen__d21__i0.50,9,D08,ok,64.65588069998194
A,gaussiano_regimen__d21__i0.50,10,D08,ok,62.4338353999774
A,gaussiano_regimen__d63__i1.00,1,D08,ok,57.23845830000937
A,gaussiano_regimen__d63__i1.00,2,D08,ok,63.251365799980704
A,gaussiano_regimen__d63__i1.00,3,D08,ok,51.34832559997449
A,gaussiano_regimen__d63__i1.00,5,D08,ok,52.43778629996814
A,gaussiano_regimen__d63__i1.00,6,D08,ok,54.19016290002037
A,gaussiano_regimen__d63__i1.00,7,D08,ok,50.976691300049424
A,gaussiano_regimen__d63__i1.00,4,D08,ok,57.6809739000164
A,gaussiano_regimen__d63__i1.00,10,D08,ok,56.36885029997211
A,gaussiano_regimen__d63__i1.00,8,D08,ok,60.17703910003184
A,gaussiano_regimen__d63__i1.00,9,D08,ok,60.07459609996295
A,gaussiano_regimen__d63__i0.50,0,D08,ok,56.76309219998075
A,gaussiano_regimen__d63__i0.50,1,D08,ok,61.907510499993805
A,gaussiano_regimen__d63__i0.50,2,D08,ok,62.85394970001653
A,gaussiano_regimen__d63__i0.50,3,D08,ok,54.79967219999526
A,gaussiano_regimen__d63__i0.50,5,D08,ok,52.97415409999667
A,gaussiano_regimen__d63__i0.50,6,D08,ok,54.603751600021496
A,gaussiano_regimen__d63__i0.50,7,D08,ok,57.35532789997524
A,gaussiano_regimen__d63__i0.50,4,D08,ok,65.96689159999369
A,gaussiano_regimen__d63__i0.50,10,D08,ok,56.96277430001646
A,gaussiano_regimen__d63__i0.50,8,D08,ok,62.90533999999752
A,gaussiano_regimen__d63__i0.50,9,D08,ok,63.06626540003344
A,gaussiano_regimen__d252__i1.00,0,D08,ok,48.802336199965794
A,gaussiano_regimen__d252__i1.00,1,D08,ok,46.384826600027736
A,gaussiano_regimen__d252__i1.00,2,D08,ok,45.86005159997149
A,gaussiano_regimen__d252__i1.00,4,D08,ok,43.723925500002224
A,gaussiano_regimen__d252__i1.00,3,D08,ok,46.788585300033446
A,gaussiano_regimen__d252__i1.00,6,D08,ok,42.22121340001468
A,gaussiano_regimen__d252__i1.00,5,D08,ok,47.07090519997291
A,gaussiano_regimen__d252__i1.00,7,D08,ok,46.29327550000744
A,gaussiano_regimen__d252__i1.00,9,D08,ok,50.31825369998114
A,gaussiano_regimen__d252__i1.00,8,D08,ok,51.8791743000038
A,gaussiano_regimen__d252__i0.50,0,D08,ok,54.08778180001536
A,gaussiano_regimen__d252__i1.00,10,D08,ok,56.61435749998782
A,gaussiano_regimen__d252__i0.50,1,D08,ok,55.838680499990005
A,gaussiano_regimen__d252__i0.50,3,D08,ok,53.464088800014
A,gaussiano_regimen__d252__i0.50,2,D08,ok,61.24463660002221
A,gaussiano_regimen__d252__i0.50,4,D08,ok,53.35229939996498
A,gaussiano_regimen__d252__i0.50,5,D08,ok,54.02287689998048
A,gaussiano_regimen__d252__i0.50,6,D08,ok,50.567808700026944
A,gaussiano_regimen__d252__i0.50,7,D08,ok,54.33563519996824
A,gaussiano_regimen__d252__i0.50,8,D08,ok,55.59034059999976
A,var_regimen__d21__i1.00,0,D08,ok,37.666906900005415
A,var_regimen__d21__i1.00,1,D08,ok,37.60391050000908
A,var_regimen__d21__i1.00,3,D08,ok,36.4072429999942
A,var_regimen__d21__i1.00,2,D08,ok,37.403570399968885
A,var_regimen__d21__i1.00,5,D08,ok,34.55663740000455
A,var_regimen__d21__i1.00,4,D08,ok,36.79953180003213
A,gaussiano_regimen__d252__i0.50,9,D08,ok,51.942766699998174
A,gaussiano_regimen__d252__i0.50,10,D08,ok,59.3462695000344
A,var_regimen__d21__i1.00,7,D08,ok,35.35433500004001
A,var_regimen__d21__i1.00,6,D08,ok,38.46353309997357
A,var_regimen__d21__i1.00,9,D08,ok,36.20810669998173
A,var_regimen__d21__i1.00,8,D08,ok,39.35391539998818
A,var_regimen__d21__i1.00,10,D08,ok,37.80353340000147
A,var_regimen__d21__i0.50,0,D08,ok,38.86970529996324
A,var_regimen__d21__i0.50,2,D08,ok,37.5585701999953
A,var_regimen__d21__i0.50,1,D08,ok,40.24482940003509
A,var_regimen__d21__i0.50,3,D08,ok,38.2033844999969
A,var_regimen__d21__i0.50,5,D08,ok,37.61081329995068
A,var_regimen__d21__i0.50,4,D08,ok,40.90992659999756
A,var_regimen__d21__i0.50,6,D08,ok,41.52781010000035
A,var_regimen__d21__i0.50,7,D08,ok,41.10986409999896
A,var_regimen__d21__i0.50,8,D08,ok,40.01903339999262
A,var_regimen__d21__i0.50,9,D08,ok,37.93553590000374
A,var_regimen__d21__i0.50,10,D08,ok,41.6401579999947
A,var_regimen__d63__i1.00,2,D08,ok,38.99795699998504
A,var_regimen__d63__i1.00,0,D08,ok,44.73939209996024
A,var_regimen__d63__i1.00,1,D08,ok,47.08367670001462
A,var_regimen__d63__i1.00,3,D08,ok,38.25969649996841
A,var_regimen__d63__i1.00,4,D08,ok,43.45908339996822
A,var_regimen__d63__i1.00,5,D08,ok,40.48120029998245
A,var_regimen__d63__i1.00,6,D08,ok,40.58861340000294
A,var_regimen__d63__i1.00,7,D08,ok,40.58638670004439
A,var_regimen__d63__i1.00,8,D08,ok,44.16972010000609
A,var_regimen__d63__i1.00,9,D08,ok,40.78812130005099
A,var_regimen__d63__i1.00,10,D08,ok,39.30917359999148
A,var_regimen__d63__i0.50,0,D08,ok,40.52093830000376
A,var_regimen__d63__i0.50,1,D08,ok,39.12673299998278
A,var_regimen__d63__i0.50,2,D08,ok,36.953986099979375
A,var_regimen__d63__i0.50,3,D08,ok,36.32280289998744
A,var_regimen__d63__i0.50,4,D08,ok,36.49791209999239
A,var_regimen__d63__i0.50,5,D08,ok,37.91786230000434
A,var_regimen__d63__i0.50,6,D08,ok,38.05634509999072
A,var_regimen__d63__i0.50,7,D08,ok,40.43364440003643
A,var_regimen__d63__i0.50,8,D08,ok,41.31607479997911
A,var_regimen__d63__i0.50,9,D08,ok,42.90680259995861
A,var_regimen__d63__i0.50,10,D08,ok,42.16269090003334
A,var_regimen__d252__i1.00,1,D08,ok,40.03947859996697
A,var_regimen__d252__i1.00,2,D08,ok,38.14011269999901
A,var_regimen__d252__i1.00,0,D08,ok,43.90549690002808
A,var_regimen__d252__i1.00,3,D08,ok,42.07017999998061
A,var_regimen__d252__i1.00,4,D08,ok,41.58958020003047
A,var_regimen__d252__i1.00,5,D08,ok,45.394581000029575
A,var_regimen__d252__i1.00,6,D08,ok,46.45754329999909
A,var_regimen__d252__i1.00,7,D08,ok,46.10459309996804
A,var_regimen__d252__i1.00,8,D08,ok,45.75661810004385
A,var_regimen__d252__i1.00,10,D08,ok,46.049805799964815
A,var_regimen__d252__i1.00,9,D08,ok,48.482072599988896
A,var_regimen__d252__i0.50,0,D08,ok,46.05338090000441
A,var_regimen__d252__i0.50,2,D08,ok,41.99417319998611
A,var_regimen__d252__i0.50,1,D08,ok,47.82321369997226
A,var_regimen__d252__i0.50,3,D08,ok,45.35016989998985
A,var_regimen__d252__i0.50,4,D08,ok,42.06334210000932
A,var_regimen__d252__i0.50,6,D08,ok,40.458056000003126
A,var_regimen__d252__i0.50,5,D08,ok,45.382757999992464
A,var_regimen__d252__i0.50,7,D08,ok,44.85479960002704
A,garch_regimen__d21__i1.00,0,D08,ok,36.79421640001237
A,garch_regimen__d21__i1.00,1,D08,ok,36.46290240000235
A,var_regimen__d252__i0.50,8,D08,ok,41.46137590002036
A,var_regimen__d252__i0.50,9,D08,ok,40.66386710002553
A,var_regimen__d252__i0.50,10,D08,ok,42.73533160000807
A,garch_regimen__d21__i1.00,2,D08,ok,36.69790969998576
A,garch_regimen__d21__i1.00,3,D08,ok,39.07676460000221
A,garch_regimen__d21__i1.00,5,D08,ok,37.47878110001329
A,garch_regimen__d21__i1.00,4,D08,ok,39.77460479998263
A,garch_regimen__d21__i1.00,7,D08,ok,39.28140400000848
A,garch_regimen__d21__i1.00,10,D08,ok,39.386727900011465
A,garch_regimen__d21__i1.00,6,D08,ok,43.24797269998817
A,garch_regimen__d21__i0.50,0,D08,ok,37.39290469995467
A,garch_regimen__d21__i1.00,8,D08,ok,41.86086899996735
A,garch_regimen__d21__i1.00,9,D08,ok,42.12793890002649
A,garch_regimen__d21__i0.50,1,D08,ok,38.101018199988175
A,garch_regimen__d21__i0.50,2,D08,ok,37.21980329998769
A,garch_regimen__d21__i0.50,3,D08,ok,38.11656120000407
A,garch_regimen__d21__i0.50,4,D08,ok,38.31698419997701
A,garch_regimen__d21__i0.50,5,D08,ok,36.09563270001672
A,garch_regimen__d21__i0.50,7,D08,ok,36.99303419998614
A,garch_regimen__d21__i0.50,8,D08,ok,37.41044589999365
A,garch_regimen__d21__i0.50,6,D08,ok,39.53397670004051
A,garch_regimen__d21__i0.50,10,D08,ok,39.50299079995602
A,garch_regimen__d21__i0.50,9,D08,ok,42.36135210003704
A,garch_regimen__d63__i1.00,0,D08,ok,38.69301270000869
A,garch_regimen__d63__i1.00,1,D08,ok,40.49970019998728
A,garch_regimen__d63__i1.00,3,D08,ok,37.72011379996548
A,garch_regimen__d63__i1.00,2,D08,ok,38.94687939999858
A,garch_regimen__d63__i1.00,4,D08,ok,38.40626990003511
A,garch_regimen__d63__i1.00,7,D08,ok,37.979803499998525
A,garch_regimen__d63__i1.00,5,D08,ok,39.459408099995926
A,garch_regimen__d63__i1.00,6,D08,ok,39.30845499999123
A,garch_regimen__d63__i1.00,8,D08,ok,36.95944549998967
A,garch_regimen__d63__i1.00,9,D08,ok,42.65807639999548
A,garch_regimen__d63__i1.00,10,D08,ok,41.6354836000246
A,garch_regimen__d63__i0.50,0,D08,ok,39.28808279999066
A,garch_regimen__d63__i0.50,1,D08,ok,38.002911199990194
A,garch_regimen__d63__i0.50,2,D08,ok,39.223349099978805
A,garch_regimen__d63__i0.50,3,D08,ok,35.606894799973816
A,garch_regimen__d63__i0.50,6,D08,ok,37.96793030004483
A,garch_regimen__d63__i0.50,7,D08,ok,38.25423479999881
A,garch_regimen__d63__i0.50,4,D08,ok,40.71518359996844
A,garch_regimen__d63__i0.50,5,D08,ok,41.16257410001708
A,garch_regimen__d63__i0.50,8,D08,ok,37.25647820002632
A,garch_regimen__d63__i0.50,9,D08,ok,41.61695830000099
A,garch_regimen__d63__i0.50,10,D08,ok,39.91928269999335
A,garch_regimen__d252__i1.00,2,D08,ok,35.56144320004387
A,garch_regimen__d252__i1.00,0,D08,ok,43.28632150002522
A,garch_regimen__d252__i1.00,1,D08,ok,41.52539930003695
A,garch_regimen__d252__i1.00,3,D08,ok,38.609425200033
A,garch_regimen__d252__i1.00,6,D08,ok,37.38822929997696
A,garch_regimen__d252__i1.00,4,D08,ok,39.5724104999681
A,garch_regimen__d252__i1.00,5,D08,ok,38.72143189999042
A,garch_regimen__d252__i1.00,7,D08,ok,48.83269249997102
A,garch_regimen__d252__i1.00,9,D08,ok,39.6110231000348
A,garch_regimen__d252__i1.00,8,D08,ok,44.279534100031015
A,garch_regimen__d252__i1.00,10,D08,ok,42.59458429994993
A,garch_regimen__d252__i0.50,0,D08,ok,41.77370769996196
A,garch_regimen__d252__i0.50,1,D08,ok,41.86166299995966
A,garch_regimen__d252__i0.50,2,D08,ok,36.64231160003692
A,garch_regimen__d252__i0.50,3,D08,ok,37.12075970001752
A,garch_regimen__d252__i0.50,5,D08,ok,36.34492120001232
A,garch_regimen__d252__i0.50,4,D08,ok,37.32515260000946
A,garch_regimen__d252__i0.50,6,D08,ok,34.06351040001027
A,garch_regimen__d252__i0.50,7,D08,ok,39.830331700039096
A,garch_regimen__d252__i0.50,8,D08,ok,42.11146709998138
A,garch_regimen__d252__i0.50,9,D08,ok,37.36169669998344
A,garch_regimen__d252__i0.50,10,D08,ok,35.32870660000481
A,gaussiano_regimen__d21__i1.00,1,D11,ok,136.52596699999413
A,gaussiano_regimen__d21__i1.00,4,D11,ok,143.4550126999966
A,gaussiano_regimen__d21__i1.00,0,D11,ok,150.68968050001422
A,gaussiano_regimen__d21__i1.00,3,D11,ok,153.73327600001355
A,gaussiano_regimen__d21__i1.00,6,D11,ok,151.4130226999987
A,gaussiano_regimen__d21__i1.00,5,D11,ok,161.28527049999684
A,gaussiano_regimen__d21__i1.00,7,D11,ok,150.92268389998935
A,gaussiano_regimen__d21__i1.00,2,D11,ok,195.67447099997665
A,gaussiano_regimen__d21__i1.00,9,D11,ok,199.1206193999969
A,gaussiano_regimen__d21__i1.00,8,D11,ok,203.9197228999692
A,gaussiano_regimen__d21__i0.50,0,D11,ok,124.11877279996406
A,gaussiano_regimen__d21__i0.50,1,D11,ok,129.87736699997913
A,gaussiano_regimen__d21__i0.50,3,D11,ok,124.08454619999976
A,gaussiano_regimen__d21__i1.00,10,D11,ok,171.57226049999008
A,gaussiano_regimen__d21__i0.50,5,D11,ok,142.03491919999942
A,gaussiano_regimen__d21__i0.50,4,D11,ok,147.30039479996776
A,gaussiano_regimen__d21__i0.50,2,D11,ok,173.08013850002317
A,gaussiano_regimen__d21__i0.50,6,D11,ok,144.32584519998636
A,gaussiano_regimen__d21__i0.50,7,D11,ok,126.53316930000436
A,gaussiano_regimen__d21__i0.50,8,D11,ok,131.8306118999608
A,gaussiano_regimen__d21__i0.50,9,D11,ok,112.60405910003465
A,gaussiano_regimen__d63__i1.00,1,D11,ok,135.55236510001123
A,gaussiano_regimen__d21__i0.50,10,D11,ok,165.9177738999715
A,gaussiano_regimen__d63__i1.00,0,D11,ok,160.5904686000431
A,gaussiano_regimen__d63__i1.00,2,D11,ok,158.3557124999934
A,gaussiano_regimen__d63__i1.00,3,D11,ok,163.73245820001466
A,gaussiano_regimen__d63__i1.00,5,D11,ok,156.0344255999662
A,gaussiano_regimen__d63__i1.00,4,D11,ok,196.17129870003555
A,gaussiano_regimen__d63__i1.00,8,D11,ok,160.0398564999923
A,gaussiano_regimen__d63__i1.00,7,D11,ok,175.31497090001358
A,gaussiano_regimen__d63__i1.00,6,D11,ok,189.0615587999928
A,gaussiano_regimen__d63__i1.00,10,D11,ok,135.84342440002365
A,gaussiano_regimen__d63__i0.50,0,D11,ok,142.96981039998354
A,gaussiano_regimen__d63__i1.00,9,D11,ok,162.95928309997544
A,gaussiano_regimen__d63__i0.50,1,D11,ok,152.6177937000175
A,gaussiano_regimen__d63__i0.50,2,D11,ok,171.5781831999775
A,gaussiano_regimen__d63__i0.50,4,D11,ok,139.8818864999921
A,gaussiano_regimen__d63__i0.50,3,D11,ok,169.54236759996274
A,gaussiano_regimen__d63__i0.50,6,D11,ok,134.0844562999555
A,gaussiano_regimen__d63__i0.50,5,D11,ok,152.77252439997392
A,gaussiano_regimen__d63__i0.50,7,D11,ok,163.23656679998385
A,gaussiano_regimen__d63__i0.50,9,D11,ok,120.96639580000192
A,gaussiano_regimen__d63__i0.50,10,D11,ok,142.6731689000153
A,gaussiano_regimen__d63__i0.50,8,D11,ok,174.91862389998278
A,gaussiano_regimen__d252__i1.00,0,D11,ok,167.9093569999677
A,gaussiano_regimen__d252__i1.00,2,D11,ok,138.66202869999688
A,gaussiano_regimen__d252__i1.00,1,D11,ok,165.6128774000099
A,gaussiano_regimen__d252__i1.00,3,D11,ok,162.493501799996
A,gaussiano_regimen__d252__i1.00,4,D11,ok,160.90916830004426
A,gaussiano_regimen__d252__i1.00,6,D11,ok,152.7555823000148
A,gaussiano_regimen__d252__i1.00,5,D11,ok,182.09542100003452
A,gaussiano_regimen__d252__i1.00,7,D11,ok,173.63325640000403
A,gaussiano_regimen__d252__i1.00,8,D11,ok,150.9184813000029
A,gaussiano_regimen__d252__i1.00,10,D11,ok,146.0031892999541
A,gaussiano_regimen__d252__i1.00,9,D11,ok,203.69965270004468
A,gaussiano_regimen__d252__i0.50,1,D11,ok,157.81883989996277
A,gaussiano_regimen__d252__i0.50,2,D11,ok,158.99934400001075
A,gaussiano_regimen__d252__i0.50,0,D11,ok,211.7350276000216
A,gaussiano_regimen__d252__i0.50,3,D11,ok,188.99211150000335
A,gaussiano_regimen__d252__i0.50,5,D11,ok,175.2418685000157
A,gaussiano_regimen__d252__i0.50,4,D11,ok,194.1878074000124
A,gaussiano_regimen__d252__i0.50,7,D11,ok,161.88104680000106
A,var_regimen__d21__i1.00,0,D11,ok,113.68665170000168
A,gaussiano_regimen__d252__i0.50,6,D11,ok,212.78288709995104
A,gaussiano_regimen__d252__i0.50,9,D11,ok,181.8327075999696
A,gaussiano_regimen__d252__i0.50,10,D11,ok,166.67699159996118
A,gaussiano_regimen__d252__i0.50,8,D11,ok,209.6421582999756
A,var_regimen__d21__i1.00,1,D11,ok,151.2941143999924
A,var_regimen__d21__i1.00,3,D11,ok,120.25290170003429
A,var_regimen__d21__i1.00,5,D11,ok,173.0899545000284
A,var_regimen__d21__i1.00,4,D11,ok,177.5641865999787
A,var_regimen__d21__i1.00,7,D11,ok,139.88660470000468
A,var_regimen__d21__i1.00,2,D11,ok,231.9600074000191
A,var_regimen__d21__i1.00,10,D11,ok,118.53412539995044
A,var_regimen__d21__i0.50,0,D11,ok,131.44895709998673
A,var_regimen__d21__i1.00,6,D11,ok,200.8721417000052
A,var_regimen__d21__i1.00,8,D11,ok,177.1988100000308
A,var_regimen__d21__i0.50,1,D11,ok,154.94439520000014
A,var_regimen__d21__i1.00,9,D11,ok,199.48767239996232
A,var_regimen__d21__i0.50,3,D11,ok,127.12402009998914
A,var_regimen__d21__i0.50,4,D11,ok,125.34679759998107
A,var_regimen__d21__i0.50,5,D11,ok,157.87824709998677
A,var_regimen__d21__i0.50,2,D11,ok,200.24183159996755
A,var_regimen__d21__i0.50,8,D11,ok,137.44576410000445
A,var_regimen__d21__i0.50,7,D11,ok,150.90819049999118
A,var_regimen__d21__i0.50,6,D11,ok,193.4360543999937
A,var_regimen__d21__i0.50,10,D11,ok,150.50717880000593
A,var_regimen__d63__i1.00,1,D11,ok,138.1652616999927
A,var_regimen__d63__i1.00,2,D11,ok,127.77829970000312
A,var_regimen__d63__i1.00,0,D11,ok,180.0615298000048
A,var_regimen__d21__i0.50,9,D11,ok,211.58569720003288
A,var_regimen__d63__i1.00,3,D11,ok,178.08872120000888
A,var_regimen__d63__i1.00,5,D11,ok,159.4508702000021
A,var_regimen__d63__i1.00,4,D11,ok,173.18905180000002
A,var_regimen__d63__i1.00,6,D11,ok,174.90900909999618
A,var_regimen__d63__i1.00,9,D11,ok,128.41927879996365
A,var_regimen__d63__i1.00,7,D11,ok,171.70748370001093
A,var_regimen__d63__i0.50,0,D11,ok,136.63929120003013
A,var_regimen__d63__i1.00,8,D11,ok,202.36794440000085
A,var_regimen__d63__i0.50,1,D11,ok,157.12585710000712
A,var_regimen__d63__i1.00,10,D11,ok,200.02773640002124
A,var_regimen__d63__i0.50,5,D11,ok,130.04554770002142
A,var_regimen__d63__i0.50,3,D11,ok,155.46486150001874
A,var_regimen__d63__i0.50,2,D11,ok,162.96439729997655
A,var_regimen__d63__i0.50,4,D11,ok,159.18777650000993
A,var_regimen__d63__i0.50,6,D11,ok,180.4329255000339
A,var_regimen__d63__i0.50,9,D11,ok,147.64911210001446
A,var_regimen__d63__i0.50,10,D11,ok,152.9004711000016
A,var_regimen__d63__i0.50,7,D11,ok,203.7467516000033
A,var_regimen__d63__i0.50,8,D11,ok,194.5217445000308
A,var_regimen__d252__i1.00,0,D11,ok,172.95809139998164
A,var_regimen__d252__i1.00,4,D11,ok,134.1489749000175
A,var_regimen__d252__i1.00,2,D11,ok,176.53768810001202
A,var_regimen__d252__i1.00,1,D11,ok,217.6103329999605
A,var_regimen__d252__i1.00,5,D11,ok,160.26091890002135
A,var_regimen__d252__i1.00,3,D11,ok,217.461959999986
A,var_regimen__d252__i1.00,7,D11,ok,166.58025939995423
A,var_regimen__d252__i1.00,8,D11,ok,177.38940879999427
A,var_regimen__d252__i1.00,6,D11,ok,210.58282999997027
A,var_regimen__d252__i0.50,0,D11,ok,167.52981420001015
A,var_regimen__d252__i1.00,9,D11,ok,214.4744079000084
A,var_regimen__d252__i1.00,10,D11,ok,212.32241610001077
A,var_regimen__d252__i0.50,1,D11,ok,170.61023389996262
A,var_regimen__d252__i0.50,3,D11,ok,148.37738630000968
A,var_regimen__d252__i0.50,4,D11,ok,187.1944974999642
A,var_regimen__d252__i0.50,2,D11,ok,199.56785710004624
A,var_regimen__d252__i0.50,5,D11,ok,168.673918400018
A,var_regimen__d252__i0.50,7,D11,ok,151.54884719999973
A,garch_regimen__d21__i1.00,0,D11,ok,106.96025130001362
A,var_regimen__d252__i0.50,10,D11,ok,130.34899549995316
A,var_regimen__d252__i0.50,8,D11,ok,158.86790919996565
A,var_regimen__d252__i0.50,6,D11,ok,209.6552850999869
A,var_regimen__d252__i0.50,9,D11,ok,182.8458544999594
A,garch_regimen__d21__i1.00,1,D11,ok,144.31052420003107
A,garch_regimen__d21__i1.00,3,D11,ok,161.46675630001118
A,garch_regimen__d21__i1.00,2,D11,ok,182.8234277999727
A,garch_regimen__d21__i1.00,5,D11,ok,164.32696480001323
A,garch_regimen__d21__i1.00,7,D11,ok,140.48533649998717
A,garch_regimen__d21__i1.00,8,D11,ok,135.46715379995294
A,garch_regimen__d21__i0.50,0,D11,ok,105.56155260000378
A,garch_regimen__d21__i1.00,4,D11,ok,198.09539399994537
A,garch_regimen__d21__i1.00,9,D11,ok,144.84322019998217
A,garch_regimen__d21__i1.00,6,D11,ok,176.603185200016
A,garch_regimen__d21__i1.00,10,D11,ok,179.64745859999675
A,garch_regimen__d21__i0.50,1,D11,ok,154.6159013999859
A,garch_regimen__d21__i0.50,8,D11,ok,112.15195679996395
A,garch_regimen__d21__i0.50,6,D11,ok,147.1669286999968
A,garch_regimen__d21__i0.50,4,D11,ok,159.63079689996084
A,garch_regimen__d21__i0.50,2,D11,ok,179.24730530002853
A,garch_regimen__d21__i0.50,5,D11,ok,163.6908721999498
A,garch_regimen__d21__i0.50,9,D11,ok,143.63061130000278
A,garch_regimen__d21__i0.50,7,D11,ok,157.03013159998227
A,garch_regimen__d21__i0.50,3,D11,ok,174.0045121999574
A,garch_regimen__d63__i1.00,1,D11,ok,130.4541074000299
A,garch_regimen__d21__i0.50,10,D11,ok,205.02239890000783
A,garch_regimen__d63__i1.00,0,D11,ok,165.21973199996864
A,garch_regimen__d63__i1.00,2,D11,ok,141.70360289997188
A,garch_regimen__d63__i1.00,6,D11,ok,140.36957070004428
A,garch_regimen__d63__i1.00,3,D11,ok,169.19555330002913
A,garch_regimen__d63__i1.00,4,D11,ok,165.25720769999316
A,garch_regimen__d63__i1.00,7,D11,ok,180.90570369997292
A,garch_regimen__d63__i1.00,8,D11,ok,189.6624496000004
A,garch_regimen__d63__i1.00,9,D11,ok,130.91299260000233
A,garch_regimen__d63__i0.50,1,D11,ok,98.97553090000292
A,garch_regimen__d63__i1.00,5,D11,ok,237.2365085000056
A,garch_regimen__d63__i1.00,10,D11,ok,134.0973547999747
A,garch_regimen__d63__i0.50,0,D11,ok,134.34723100002157
A,garch_regimen__d63__i0.50,2,D11,ok,134.4659387000138
A,garch_regimen__d63__i0.50,4,D11,ok,146.4359799999511
A,garch_regimen__d63__i0.50,3,D11,ok,163.45137579995207
A,garch_regimen__d63__i0.50,6,D11,ok,154.09985779999988
A,garch_regimen__d63__i0.50,10,D11,ok,137.3767163999728
A,garch_regimen__d63__i0.50,8,D11,ok,159.05290809995495
A,garch_regimen__d63__i0.50,7,D11,ok,167.87097540003015
A,garch_regimen__d63__i0.50,5,D11,ok,207.69255229999544
A,garch_regimen__d63__i0.50,9,D11,ok,173.4893730999902
A,garch_regimen__d252__i1.00,0,D11,ok,156.6427666999516
A,garch_regimen__d252__i1.00,2,D11,ok,143.37272919999668
A,garch_regimen__d252__i1.00,1,D11,ok,199.1375094999676
A,garch_regimen__d252__i1.00,4,D11,ok,132.01263910002308
A,garch_regimen__d252__i1.00,3,D11,ok,159.03355799999554
A,garch_regimen__d252__i1.00,6,D11,ok,138.68661740003154
A,garch_regimen__d252__i1.00,7,D11,ok,146.97182889998658
A,garch_regimen__d252__i1.00,5,D11,ok,163.05137719999766
A,garch_regimen__d252__i1.00,10,D11,ok,139.55579179996857
A,garch_regimen__d252__i1.00,8,D11,ok,204.89893180003853
A,garch_regimen__d252__i0.50,0,D11,ok,151.12460350000765
A,garch_regimen__d252__i1.00,9,D11,ok,198.94624760001895
A,garch_regimen__d252__i0.50,2,D11,ok,168.3634232999757
A,garch_regimen__d252__i0.50,3,D11,ok,163.71544249996077
A,gaussiano_regimen__d21__i1.00,1,D12,ok,21.372598099987957
A,gaussiano_regimen__d21__i1.00,0,D12,ok,21.935638100025244
A,garch_regimen__d252__i0.50,4,D11,ok,140.9528990999679
A,garch_regimen__d252__i0.50,1,D11,ok,198.71457289997488
A,gaussiano_regimen__d21__i1.00,2,D12,ok,11.530844099994283
A,gaussiano_regimen__d21__i1.00,3,D12,ok,11.840345599979628
A,garch_regimen__d252__i0.50,6,D11,ok,133.26750059996266
A,gaussiano_regimen__d21__i1.00,4,D12,ok,19.346523599990174
A,gaussiano_regimen__d21__i1.00,6,D12,ok,11.36847059999127
A,gaussiano_regimen__d21__i1.00,7,D12,ok,12.189198200008832
A,garch_regimen__d252__i0.50,5,D11,ok,156.95570310001494
A,gaussiano_regimen__d21__i1.00,5,D12,ok,19.52769099996658
A,gaussiano_regimen__d21__i1.00,9,D12,ok,11.580138899968006
A,gaussiano_regimen__d21__i1.00,8,D12,ok,20.285058700013906
A,gaussiano_regimen__d21__i1.00,10,D12,ok,12.571224999963306
A,gaussiano_regimen__d21__i0.50,0,D12,ok,11.562469500000589
A,gaussiano_regimen__d21__i0.50,2,D12,ok,11.758986499975435
A,gaussiano_regimen__d21__i0.50,3,D12,ok,11.705066399998032
A,gaussiano_regimen__d21__i0.50,1,D12,ok,18.81578200001968
A,gaussiano_regimen__d21__i0.50,4,D12,ok,11.767817199986894
A,gaussiano_regimen__d21__i0.50,6,D12,ok,11.44360020000022
A,gaussiano_regimen__d21__i0.50,5,D12,ok,12.079908800020348
A,gaussiano_regimen__d21__i0.50,7,D12,ok,12.315565199998671
A,gaussiano_regimen__d21__i0.50,9,D12,ok,11.711112199991476
A,gaussiano_regimen__d21__i0.50,8,D12,ok,12.894985300023109
A,gaussiano_regimen__d21__i0.50,10,D12,ok,11.893527999985965
A,garch_regimen__d252__i0.50,7,D11,ok,172.8287105000345
A,gaussiano_regimen__d63__i1.00,0,D12,ok,12.742795300029684
A,gaussiano_regimen__d63__i1.00,1,D12,ok,13.202508499962278
A,gaussiano_regimen__d63__i1.00,2,D12,ok,11.867190100019798
A,gaussiano_regimen__d63__i1.00,3,D12,ok,12.222690999973564
A,gaussiano_regimen__d63__i1.00,4,D12,ok,12.585037800017744
A,gaussiano_regimen__d63__i1.00,5,D12,ok,11.88358750002226
A,gaussiano_regimen__d63__i1.00,8,D12,ok,11.492259999969974
A,gaussiano_regimen__d63__i1.00,7,D12,ok,12.273122999991756
A,gaussiano_regimen__d63__i1.00,9,D12,ok,11.72173670004122
A,gaussiano_regimen__d63__i1.00,6,D12,ok,20.11132379999617
A,gaussiano_regimen__d63__i1.00,10,D12,ok,11.526266300003044
A,gaussiano_regimen__d63__i0.50,0,D12,ok,12.426595800032374
A,gaussiano_regimen__d63__i0.50,1,D12,ok,14.066244199988432
A,gaussiano_regimen__d63__i0.50,2,D12,ok,12.231108399981167
A,gaussiano_regimen__d63__i0.50,3,D12,ok,12.224040900007822
A,gaussiano_regimen__d63__i0.50,4,D12,ok,12.271399300021583
A,gaussiano_regimen__d63__i0.50,6,D12,ok,12.397700700035784
A,gaussiano_regimen__d63__i0.50,5,D12,ok,13.769702699966729
A,gaussiano_regimen__d63__i0.50,7,D12,ok,12.305881900014356
A,gaussiano_regimen__d63__i0.50,8,D12,ok,11.23970829998143
A,gaussiano_regimen__d63__i0.50,10,D12,ok,11.659618199977558
A,gaussiano_regimen__d63__i0.50,9,D12,ok,11.827461000008045
A,garch_regimen__d252__i0.50,9,D11,ok,161.40365709998878
A,gaussiano_regimen__d252__i1.00,0,D12,ok,11.909579399973154
A,garch_regimen__d252__i0.50,8,D11,ok,170.34183990000747
A,gaussiano_regimen__d252__i1.00,2,D12,ok,12.853777200041804
A,gaussiano_regimen__d252__i1.00,1,D12,ok,13.058251400012525
A,garch_regimen__d252__i0.50,10,D11,ok,164.32889049994992
A,gaussiano_regimen__d252__i1.00,3,D12,ok,11.336335300002249
A,gaussiano_regimen__d252__i1.00,4,D12,ok,12.88592069997685
A,gaussiano_regimen__d252__i1.00,5,D12,ok,11.279579600028228
A,gaussiano_regimen__d252__i1.00,6,D12,ok,12.872104299953207
A,gaussiano_regimen__d252__i1.00,8,D12,ok,13.219941200048195
A,gaussiano_regimen__d252__i1.00,10,D12,ok,13.015788700024132
A,gaussiano_regimen__d252__i0.50,2,D12,ok,12.901152899954468
A,gaussiano_regimen__d252__i0.50,0,D12,ok,13.19615380000323
A,gaussiano_regimen__d252__i1.00,7,D12,ok,22.0807591000339
A,gaussiano_regimen__d252__i1.00,9,D12,ok,21.934550100006163
A,gaussiano_regimen__d252__i0.50,3,D12,ok,12.314389000006486
A,gaussiano_regimen__d252__i0.50,4,D12,ok,13.423177600023337
A,gaussiano_regimen__d252__i0.50,5,D12,ok,13.650493199995251
A,gaussiano_regimen__d252__i0.50,6,D12,ok,14.264613299979828
A,gaussiano_regimen__d252__i0.50,1,D12,ok,22.772206199995708
A,gaussiano_regimen__d252__i0.50,9,D12,ok,13.377723500016144
A,var_regimen__d21__i1.00,0,D12,ok,11.96092459995998
A,var_regimen__d21__i1.00,2,D12,ok,10.742368600040209
A,gaussiano_regimen__d252__i0.50,8,D12,ok,14.117397600028198
A,gaussiano_regimen__d252__i0.50,7,D12,ok,14.356271900003776
A,gaussiano_regimen__d252__i0.50,10,D12,ok,13.509819300030358
A,var_regimen__d21__i1.00,1,D12,ok,13.13084619998699
A,var_regimen__d21__i1.00,3,D12,ok,12.849772699992172
A,var_regimen__d21__i1.00,5,D12,ok,10.400957499979995
A,var_regimen__d21__i1.00,4,D12,ok,14.060619800002314
A,var_regimen__d21__i1.00,6,D12,ok,11.358944099978544
A,var_regimen__d21__i1.00,7,D12,ok,11.468013300036546
A,var_regimen__d21__i1.00,10,D12,ok,11.697929800022392
A,var_regimen__d21__i0.50,0,D12,ok,11.623853400000373
A,var_regimen__d21__i1.00,8,D12,ok,13.026218300045002
A,var_regimen__d21__i1.00,9,D12,ok,13.299199600005522
A,var_regimen__d21__i0.50,1,D12,ok,12.927400000044145
A,var_regimen__d21__i0.50,2,D12,ok,10.59340939996764
A,var_regimen__d21__i0.50,3,D12,ok,13.50712329999078
A,var_regimen__d21__i0.50,4,D12,ok,13.697154399997087
A,var_regimen__d21__i0.50,5,D12,ok,10.478108800016344
A,var_regimen__d21__i0.50,6,D12,ok,11.136756399995647
A,var_regimen__d21__i0.50,7,D12,ok,11.018780099984724
A,var_regimen__d21__i0.50,10,D12,ok,11.537730199983343
A,var_regimen__d21__i0.50,9,D12,ok,13.162215499964075
A,var_regimen__d21__i0.50,8,D12,ok,14.365387000027113
A,var_regimen__d63__i1.00,1,D12,ok,13.76753790001385
A,var_regimen__d63__i1.00,0,D12,ok,17.002612499985844
A,var_regimen__d63__i1.00,2,D12,ok,11.377230799989777
A,var_regimen__d63__i1.00,3,D12,ok,13.602170300029684
A,var_regimen__d63__i1.00,6,D12,ok,12.610819900000934
A,var_regimen__d63__i1.00,4,D12,ok,14.279615600011311
A,var_regimen__d63__i1.00,5,D12,ok,13.64462380000623
A,var_regimen__d63__i1.00,7,D12,ok,12.845943599997554
A,var_regimen__d63__i1.00,8,D12,ok,12.084449900023174
A,var_regimen__d63__i1.00,9,D12,ok,13.90353419998428
A,var_regimen__d63__i1.00,10,D12,ok,13.039824899984524
A,var_regimen__d63__i0.50,1,D12,ok,11.846245100023223
A,var_regimen__d63__i0.50,2,D12,ok,11.25672659999691
A,var_regimen__d63__i0.50,0,D12,ok,18.386446000018623
A,var_regimen__d63__i0.50,5,D12,ok,13.934545299969614
A,var_regimen__d63__i0.50,4,D12,ok,14.545925399987029
A,var_regimen__d63__i0.50,3,D12,ok,14.97059729998
A,var_regimen__d63__i0.50,7,D12,ok,12.765319099999031
A,var_regimen__d63__i0.50,6,D12,ok,13.993282100011127
A,var_regimen__d63__i0.50,8,D12,ok,12.256361000007018
A,var_regimen__d63__i0.50,9,D12,ok,12.319820399978198
A,var_regimen__d63__i0.50,10,D12,ok,12.241878400032874
A,var_regimen__d252__i1.00,0,D12,ok,12.349007699987853
A,var_regimen__d252__i1.00,2,D12,ok,10.696265099977609
A,var_regimen__d252__i1.00,3,D12,ok,10.736050400009844
A,var_regimen__d252__i1.00,1,D12,ok,12.151931700005662
A,var_regimen__d252__i1.00,5,D12,ok,12.166441400011536
A,var_regimen__d252__i1.00,6,D12,ok,12.3347308000084
A,var_regimen__d252__i1.00,4,D12,ok,14.020053999964148
A,var_regimen__d252__i1.00,7,D12,ok,12.422306700027548
A,var_regimen__d252__i1.00,8,D12,ok,11.87781360000372
A,var_regimen__d252__i1.00,9,D12,ok,14.11925579997478
A,var_regimen__d252__i1.00,10,D12,ok,12.9804980000481
A,var_regimen__d252__i0.50,2,D12,ok,10.65928060002625
A,var_regimen__d252__i0.50,0,D12,ok,12.76957250002306
A,var_regimen__d252__i0.50,1,D12,ok,13.322524400020484
A,var_regimen__d252__i0.50,3,D12,ok,12.73489179997705
A,var_regimen__d252__i0.50,4,D12,ok,13.083880899997894
A,var_regimen__d252__i0.50,6,D12,ok,12.272401899972463
A,var_regimen__d252__i0.50,7,D12,ok,12.480339600006118
A,var_regimen__d252__i0.50,5,D12,ok,14.423179199977312
A,var_regimen__d252__i0.50,8,D12,ok,12.424080799974035
A,garch_regimen__d21__i1.00,0,D12,ok,11.130293800029904
A,var_regimen__d252__i0.50,9,D12,ok,14.52568139997311
A,var_regimen__d252__i0.50,10,D12,ok,14.363133999984711
A,garch_regimen__d21__i1.00,1,D12,ok,13.585794800019356
A,garch_regimen__d21__i1.00,5,D12,ok,11.23195470002247
A,garch_regimen__d21__i1.00,2,D12,ok,13.728566400008276
A,garch_regimen__d21__i1.00,6,D12,ok,11.966648100002203
A,garch_regimen__d21__i1.00,4,D12,ok,14.00339610001538
A,garch_regimen__d21__i1.00,3,D12,ok,14.624924500007182
A,garch_regimen__d21__i1.00,7,D12,ok,12.706315399962476
A,garch_regimen__d21__i1.00,8,D12,ok,12.28367050003726
A,garch_regimen__d21__i1.00,9,D12,ok,11.668227999994995
A,garch_regimen__d21__i0.50,0,D12,ok,10.900719600031152
A,garch_regimen__d21__i1.00,10,D12,ok,15.7433853999828
A,garch_regimen__d21__i0.50,1,D12,ok,13.239273600047454
A,garch_regimen__d21__i0.50,2,D12,ok,12.811660700011998
A,garch_regimen__d21__i0.50,5,D12,ok,11.049112100037746
A,garch_regimen__d21__i0.50,4,D12,ok,13.874294699984604
A,garch_regimen__d21__i0.50,6,D12,ok,11.599483199999668
A,garch_regimen__d21__i0.50,3,D12,ok,15.412495900003703
A,garch_regimen__d21__i0.50,8,D12,ok,12.68659530003788
A,garch_regimen__d21__i0.50,7,D12,ok,13.29034910001792
A,garch_regimen__d21__i0.50,9,D12,ok,11.714916600030849
A,garch_regimen__d63__i1.00,1,D12,ok,11.9736821000115
A,garch_regimen__d63__i1.00,2,D12,ok,12.52230489999056
A,garch_regimen__d63__i1.00,0,D12,ok,13.78155490005156
A,garch_regimen__d63__i1.00,5,D12,ok,11.794828399957623
A,garch_regimen__d63__i1.00,4,D12,ok,12.408948399999645
A,garch_regimen__d21__i0.50,10,D12,ok,16.069645299983677
A,garch_regimen__d63__i1.00,3,D12,ok,13.803997799986972
A,garch_regimen__d63__i1.00,7,D12,ok,12.565061999950558
A,garch_regimen__d63__i1.00,8,D12,ok,12.729157499969006
A,garch_regimen__d63__i1.00,6,D12,ok,14.635838899994267
A,garch_regimen__d63__i1.00,10,D12,ok,13.140088299987838
A,garch_regimen__d63__i1.00,9,D12,ok,14.30776070000138
A,garch_regimen__d63__i0.50,0,D12,ok,13.239042299974244
A,garch_regimen__d63__i0.50,1,D12,ok,11.552235200011635
A,garch_regimen__d63__i0.50,2,D12,ok,12.079418700013775
A,garch_regimen__d63__i0.50,4,D12,ok,11.577609499974642
A,garch_regimen__d63__i0.50,3,D12,ok,13.698933299980126
A,garch_regimen__d63__i0.50,5,D12,ok,10.870800400036387
A,garch_regimen__d63__i0.50,6,D12,ok,13.040090999973472
A,garch_regimen__d63__i0.50,7,D12,ok,12.126435699989088
A,garch_regimen__d63__i0.50,8,D12,ok,12.169476400013082
A,garch_regimen__d252__i1.00,1,D12,ok,11.323662500013596
A,garch_regimen__d252__i1.00,0,D12,ok,12.700435100006873
A,garch_regimen__d63__i0.50,10,D12,ok,13.04313980002189
A,garch_regimen__d63__i0.50,9,D12,ok,14.003990999946836
A,garch_regimen__d252__i1.00,2,D12,ok,12.206749700009825
A,garch_regimen__d252__i1.00,3,D12,ok,11.684130400011782
A,garch_regimen__d252__i1.00,4,D12,ok,13.380956599954516
A,garch_regimen__d252__i1.00,5,D12,ok,12.38936480000848
A,garch_regimen__d252__i1.00,7,D12,ok,11.138469900004566
A,garch_regimen__d252__i1.00,6,D12,ok,15.268855599977542
A,garch_regimen__d252__i0.50,0,D12,ok,11.61291780002648
A,garch_regimen__d252__i1.00,9,D12,ok,11.948829199944155
A,garch_regimen__d252__i1.00,8,D12,ok,12.737840099958705
A,garch_regimen__d252__i0.50,1,D12,ok,12.209337100037374
A,garch_regimen__d252__i0.50,2,D12,ok,11.649168999982066
A,garch_regimen__d252__i1.00,10,D12,ok,13.229434299981222
A,gaussiano_regimen__d21__i1.00,0,D01,ok,1.0075061999959871
A,gaussiano_regimen__d21__i1.00,1,D01,ok,1.004551900026854
A,gaussiano_regimen__d21__i1.00,2,D01,ok,1.0014509999891743
A,gaussiano_regimen__d21__i1.00,3,D01,ok,1.0016622999683022
A,gaussiano_regimen__d21__i1.00,4,D01,ok,1.0178194000036456
A,gaussiano_regimen__d21__i1.00,5,D01,ok,1.008395400014706
A,gaussiano_regimen__d21__i1.00,6,D01,ok,1.002110300003551
A,gaussiano_regimen__d21__i1.00,7,D01,ok,1.0127810999983922
A,gaussiano_regimen__d21__i1.00,8,D01,ok,1.0051320000202395
A,garch_regimen__d252__i0.50,3,D12,ok,13.579605099977924
A,gaussiano_regimen__d21__i1.00,9,D01,ok,0.9879951999755576
A,gaussiano_regimen__d21__i1.00,10,D01,ok,0.9925361000350676
A,gaussiano_regimen__d21__i0.50,0,D01,ok,1.0342592999804765
A,gaussiano_regimen__d21__i0.50,1,D01,ok,1.0157315999967975
A,gaussiano_regimen__d21__i0.50,2,D01,ok,0.998232000041753
A,garch_regimen__d252__i0.50,4,D12,ok,14.054036999994423
A,gaussiano_regimen__d21__i0.50,3,D01,ok,1.041268700035289
A,gaussiano_regimen__d21__i0.50,4,D01,ok,1.0230907999794
A,gaussiano_regimen__d21__i0.50,5,D01,ok,1.0078312000259757
A,gaussiano_regimen__d21__i0.50,7,D01,ok,1.0219786000088789
A,gaussiano_regimen__d21__i0.50,6,D01,ok,1.1873402000055648
A,gaussiano_regimen__d21__i0.50,8,D01,ok,1.0021485000033865
A,gaussiano_regimen__d21__i0.50,9,D01,ok,1.0226803999976255
A,gaussiano_regimen__d21__i0.50,10,D01,ok,1.031816400005482
A,gaussiano_regimen__d63__i1.00,0,D01,ok,1.012484000006225
A,garch_regimen__d252__i0.50,5,D12,ok,13.04375660000369
A,gaussiano_regimen__d63__i1.00,1,D01,ok,1.0215170999872498
A,garch_regimen__d252__i0.50,7,D12,ok,10.790382199978922
A,garch_regimen__d252__i0.50,6,D12,ok,13.562388199963609
A,gaussiano_regimen__d63__i1.00,2,D01,ok,1.023116199998185
A,gaussiano_regimen__d63__i1.00,3,D01,ok,1.0654724000487477
A,gaussiano_regimen__d63__i1.00,4,D01,ok,1.062725700030569
A,gaussiano_regimen__d63__i1.00,5,D01,ok,1.0471478999825194
A,gaussiano_regimen__d63__i1.00,6,D01,ok,1.0391065000439994
A,gaussiano_regimen__d63__i1.00,7,D01,ok,1.0838678000145592
A,garch_regimen__d252__i0.50,9,D12,ok,11.79369860002771
A,gaussiano_regimen__d63__i1.00,8,D01,ok,1.0643154000281356
A,gaussiano_regimen__d63__i1.00,9,D01,ok,1.0817993999808095
A,gaussiano_regimen__d63__i1.00,10,D01,ok,1.0594514000113122
A,gaussiano_regimen__d63__i0.50,1,D01,ok,1.0796927000046708
A,gaussiano_regimen__d63__i0.50,0,D01,ok,1.103937899984885
A,gaussiano_regimen__d63__i0.50,2,D01,ok,1.101032300037332
A,gaussiano_regimen__d63__i0.50,3,D01,ok,1.06920159998117
A,gaussiano_regimen__d63__i0.50,4,D01,ok,1.1199830999830738
A,gaussiano_regimen__d63__i0.50,5,D01,ok,1.060832199989818
A,gaussiano_regimen__d63__i0.50,6,D01,ok,1.076424099970609
A,garch_regimen__d252__i0.50,10,D12,ok,12.731498199980706
A,gaussiano_regimen__d63__i0.50,8,D01,ok,1.066223900008481
A,gaussiano_regimen__d63__i0.50,7,D01,ok,1.2436933999997564
A,gaussiano_regimen__d63__i0.50,9,D01,ok,1.0819651000201702
A,gaussiano_regimen__d63__i0.50,10,D01,ok,1.0727419000468217
A,gaussiano_regimen__d252__i1.00,0,D01,ok,1.076900799991563
A,gaussiano_regimen__d252__i1.00,1,D01,ok,1.0821751999901608
A,gaussiano_regimen__d252__i1.00,2,D01,ok,1.085130300023593
A,gaussiano_regimen__d252__i1.00,3,D01,ok,1.0763732999912463
A,gaussiano_regimen__d252__i1.00,4,D01,ok,1.0948619000264443
A,gaussiano_regimen__d252__i1.00,5,D01,ok,1.0766567999962715
A,gaussiano_regimen__d252__i1.00,7,D01,ok,1.0841536999796515
A,gaussiano_regimen__d252__i1.00,6,D01,ok,1.1022389000281692
A,gaussiano_regimen__d252__i1.00,8,D01,ok,1.0704539999715053
A,gaussiano_regimen__d252__i1.00,9,D01,ok,1.10278760001529
A,gaussiano_regimen__d252__i1.00,10,D01,ok,1.073257800017018
A,gaussiano_regimen__d252__i0.50,0,D01,ok,1.0899622999713756
A,gaussiano_regimen__d252__i0.50,1,D01,ok,1.0790306000271812
A,gaussiano_regimen__d252__i0.50,2,D01,ok,1.114020099979825
A,gaussiano_regimen__d252__i0.50,3,D01,ok,1.099635999999009
A,gaussiano_regimen__d252__i0.50,4,D01,ok,1.10576000000583
A,gaussiano_regimen__d252__i0.50,6,D01,ok,1.0818332000053488
A,gaussiano_regimen__d252__i0.50,5,D01,ok,1.115134500025306
A,gaussiano_regimen__d252__i0.50,7,D01,ok,1.0966407000087202
A,gaussiano_regimen__d252__i0.50,8,D01,ok,1.0912267999956384
A,garch_regimen__d252__i0.50,8,D12,ok,16.605667099996936
A,gaussiano_regimen__d252__i0.50,9,D01,ok,1.0932561000226997
A,gaussiano_regimen__d252__i0.50,10,D01,ok,1.1271979000302963
A,var_regimen__d21__i1.00,0,D01,ok,1.1166678000008687
A,var_regimen__d21__i1.00,1,D01,ok,1.1209099999978207
A,var_regimen__d21__i1.00,4,D01,ok,1.1063193999580108
A,var_regimen__d21__i1.00,2,D01,ok,1.131777700036764
A,var_regimen__d21__i1.00,3,D01,ok,1.1188858000095934
A,var_regimen__d21__i1.00,5,D01,ok,1.1288414999726228
A,var_regimen__d21__i1.00,6,D01,ok,1.1278355999966152
A,var_regimen__d21__i1.00,7,D01,ok,1.115408900019247
A,var_regimen__d21__i1.00,8,D01,ok,1.1331102999974971
A,var_regimen__d21__i1.00,9,D01,ok,1.1158013000385836
A,var_regimen__d21__i1.00,10,D01,ok,1.0945806000381708
A,var_regimen__d21__i0.50,0,D01,ok,1.12496889999602
A,var_regimen__d21__i0.50,2,D01,ok,1.101118199992925
A,var_regimen__d21__i0.50,1,D01,ok,1.1276426000404172
A,var_regimen__d21__i0.50,3,D01,ok,1.1261457999935374
A,var_regimen__d21__i0.50,4,D01,ok,1.109130600001663
A,var_regimen__d21__i0.50,5,D01,ok,1.1260736999684011
A,var_regimen__d21__i0.50,6,D01,ok,1.1220783999888226
A,var_regimen__d21__i0.50,7,D01,ok,1.1321931999991648
A,var_regimen__d21__i0.50,8,D01,ok,1.1118920000153594
A,var_regimen__d21__i0.50,9,D01,ok,1.1017593999858946
A,var_regimen__d21__i0.50,10,D01,ok,1.1318267000024207
A,var_regimen__d63__i1.00,0,D01,ok,1.1142873999779113
A,var_regimen__d63__i1.00,2,D01,ok,1.1117206999915652
A,var_regimen__d63__i1.00,1,D01,ok,1.146212299994659
A,var_regimen__d63__i1.00,3,D01,ok,1.1135276000131853
A,var_regimen__d63__i1.00,4,D01,ok,1.273982899961993
A,var_regimen__d63__i1.00,5,D01,ok,1.1124330000020564
A,var_regimen__d63__i1.00,6,D01,ok,1.1165751000517048
A,var_regimen__d63__i1.00,7,D01,ok,1.0794089999981225
A,var_regimen__d63__i1.00,8,D01,ok,1.0965809000190347
A,var_regimen__d63__i1.00,10,D01,ok,1.0977302999817766
A,var_regimen__d63__i1.00,9,D01,ok,1.132892699970398
A,var_regimen__d63__i0.50,0,D01,ok,1.132135300023947
A,var_regimen__d63__i0.50,1,D01,ok,1.1218112999922596
A,var_regimen__d63__i0.50,2,D01,ok,1.1185812000185251
A,var_regimen__d63__i0.50,3,D01,ok,1.122378200001549
A,var_regimen__d63__i0.50,4,D01,ok,1.118715099990368
A,var_regimen__d63__i0.50,6,D01,ok,1.118453600036446
A,var_regimen__d63__i0.50,5,D01,ok,1.127502999966964
A,var_regimen__d63__i0.50,7,D01,ok,1.2592065000208097
A,var_regimen__d63__i0.50,8,D01,ok,1.1236014000023715
A,var_regimen__d63__i0.50,9,D01,ok,1.1166995000094175
A,var_regimen__d63__i0.50,10,D01,ok,1.106419600022491
A,var_regimen__d252__i1.00,0,D01,ok,1.1192101999768056
A,var_regimen__d252__i1.00,1,D01,ok,1.0902991000330076
A,var_regimen__d252__i1.00,2,D01,ok,1.117002799990587
A,var_regimen__d252__i1.00,4,D01,ok,1.0982557999668645
A,var_regimen__d252__i1.00,5,D01,ok,1.1212845999980343
A,var_regimen__d252__i1.00,3,D01,ok,1.2787772999727167
A,var_regimen__d252__i1.00,6,D01,ok,1.1286543000023812
A,var_regimen__d252__i1.00,7,D01,ok,1.0864245999837294
A,var_regimen__d252__i1.00,8,D01,ok,1.1127228999976069
A,var_regimen__d252__i1.00,9,D01,ok,1.0975961000076495
A,var_regimen__d252__i1.00,10,D01,ok,1.1188493000227029
A,var_regimen__d252__i0.50,0,D01,ok,1.10671059996821
A,var_regimen__d252__i0.50,1,D01,ok,1.110126700019464
A,var_regimen__d252__i0.50,2,D01,ok,1.1149771000491455
A,var_regimen__d252__i0.50,3,D01,ok,1.1227705999626778
A,var_regimen__d252__i0.50,4,D01,ok,1.1221364000230096
A,var_regimen__d252__i0.50,5,D01,ok,1.1051152999862095
A,var_regimen__d252__i0.50,6,D01,ok,1.0979518999811262
A,var_regimen__d252__i0.50,7,D01,ok,1.108009600022342
A,var_regimen__d252__i0.50,8,D01,ok,1.1228194999857806
A,var_regimen__d252__i0.50,9,D01,ok,1.1227766000083648
A,var_regimen__d252__i0.50,10,D01,ok,1.0905431999708526
A,garch_regimen__d21__i1.00,0,D01,ok,1.0867512000259012
A,garch_regimen__d21__i1.00,1,D01,ok,1.110261099995114
A,garch_regimen__d21__i1.00,2,D01,ok,1.1081568999798035
A,garch_regimen__d21__i1.00,3,D01,ok,1.1112220999784768
A,garch_regimen__d21__i1.00,4,D01,ok,1.09262009995291
A,garch_regimen__d21__i1.00,5,D01,ok,1.1154458000091836
A,garch_regimen__d21__i1.00,6,D01,ok,1.0969326000194997
A,garch_regimen__d21__i1.00,7,D01,ok,1.0993653999757953
A,garch_regimen__d21__i1.00,8,D01,ok,1.0925207999534905
A,garch_regimen__d21__i1.00,9,D01,ok,1.0887075000209734
A,garch_regimen__d21__i1.00,10,D01,ok,1.0954755999846384
A,garch_regimen__d21__i0.50,0,D01,ok,1.0860784000251442
A,garch_regimen__d21__i0.50,1,D01,ok,1.0877106999978423
A,garch_regimen__d21__i0.50,2,D01,ok,1.1013685999787413
A,garch_regimen__d21__i0.50,3,D01,ok,1.1147033000015654
A,garch_regimen__d21__i0.50,4,D01,ok,1.098827900015749
A,garch_regimen__d21__i0.50,5,D01,ok,1.1093376000062565
A,garch_regimen__d21__i0.50,6,D01,ok,1.0972457999596372
A,garch_regimen__d21__i0.50,7,D01,ok,1.1032807999872605
A,garch_regimen__d21__i0.50,8,D01,ok,1.1022744999499992
A,garch_regimen__d21__i0.50,9,D01,ok,1.0958284999942407
A,garch_regimen__d21__i0.50,10,D01,ok,1.0980804999708198
A,garch_regimen__d63__i1.00,0,D01,ok,1.1059675000142306
A,garch_regimen__d63__i1.00,1,D01,ok,1.1170605000224896
A,garch_regimen__d63__i1.00,2,D01,ok,1.0735670000431128
A,garch_regimen__d63__i1.00,3,D01,ok,1.0963336999993771
A,garch_regimen__d63__i1.00,4,D01,ok,1.071745799970813
A,garch_regimen__d63__i1.00,5,D01,ok,1.0681830000248738
A,garch_regimen__d63__i1.00,6,D01,ok,1.1005657999776304
A,garch_regimen__d63__i1.00,7,D01,ok,1.0919690000009723
A,garch_regimen__d63__i1.00,8,D01,ok,1.1124074999825098
A,garch_regimen__d63__i1.00,9,D01,ok,1.1079864000203088
A,garch_regimen__d63__i1.00,10,D01,ok,1.1251671999925748
A,garch_regimen__d63__i0.50,0,D01,ok,1.1031562999705784
A,garch_regimen__d63__i0.50,1,D01,ok,1.1634015000308864
A,garch_regimen__d63__i0.50,4,D01,ok,1.1148533999803476
A,garch_regimen__d63__i0.50,3,D01,ok,1.145864599966444
A,garch_regimen__d63__i0.50,2,D01,ok,1.169733599992469
A,garch_regimen__d63__i0.50,5,D01,ok,1.144722900004126
A,garch_regimen__d63__i0.50,6,D01,ok,1.179152900003828
A,garch_regimen__d63__i0.50,7,D01,ok,1.1106375000090338
A,garch_regimen__d63__i0.50,8,D01,ok,1.1222936999984086
A,garch_regimen__d63__i0.50,9,D01,ok,1.2088226999621838
A,garch_regimen__d63__i0.50,10,D01,ok,1.1598627000348642
A,garch_regimen__d252__i1.00,0,D01,ok,1.125066999986302
A,garch_regimen__d252__i1.00,1,D01,ok,1.1022921000258066
A,garch_regimen__d252__i1.00,2,D01,ok,1.1051315999939106
A,garch_regimen__d252__i1.00,3,D01,ok,1.102793099998962
A,garch_regimen__d252__i1.00,4,D01,ok,1.0943544000037946
A,garch_regimen__d252__i1.00,5,D01,ok,1.0931510000373237
A,garch_regimen__d252__i1.00,6,D01,ok,1.1113933000015097
A,garch_regimen__d252__i1.00,7,D01,ok,1.0918262000195682
A,garch_regimen__d252__i1.00,8,D01,ok,1.1051923999912106
A,garch_regimen__d252__i1.00,9,D01,ok,1.119712299958337
A,garch_regimen__d252__i1.00,10,D01,ok,1.11168509995332
A,garch_regimen__d252__i0.50,0,D01,ok,1.1106932000257077
A,garch_regimen__d252__i0.50,2,D01,ok,1.0951597000239417
A,garch_regimen__d252__i0.50,1,D01,ok,1.1191127999918535
A,garch_regimen__d252__i0.50,3,D01,ok,1.0810162000125274
A,garch_regimen__d252__i0.50,4,D01,ok,1.118766599975061
A,garch_regimen__d252__i0.50,5,D01,ok,1.092025099962484
A,garch_regimen__d252__i0.50,6,D01,ok,1.10564909997629
A,gaussiano_regimen__d21__i1.00,1,D02,ok,0.7769157000002451
A,gaussiano_regimen__d21__i1.00,0,D02,ok,0.7854583999724127
A,garch_regimen__d252__i0.50,7,D01,ok,1.10935599997174
A,gaussiano_regimen__d21__i1.00,2,D02,ok,0.7738805999979377
A,garch_regimen__d252__i0.50,8,D01,ok,1.1225602999911644
A,garch_regimen__d252__i0.50,9,D01,ok,1.1076697999960743
A,gaussiano_regimen__d21__i1.00,3,D02,ok,0.7743682999862358
A,garch_regimen__d252__i0.50,10,D01,ok,1.089783399947919
A,gaussiano_regimen__d21__i1.00,4,D02,ok,0.7632206999696791
A,gaussiano_regimen__d21__i1.00,5,D02,ok,0.7770047999802046
A,gaussiano_regimen__d21__i1.00,7,D02,ok,0.7531554000452161
A,gaussiano_regimen__d21__i1.00,6,D02,ok,0.7771416999748908
A,gaussiano_regimen__d21__i1.00,9,D02,ok,0.7624284999910742
A,gaussiano_regimen__d21__i1.00,8,D02,ok,0.7767623999970965
A,gaussiano_regimen__d21__i1.00,10,D02,ok,0.7784324000240304
A,gaussiano_regimen__d21__i0.50,0,D02,ok,0.7641378999687731
A,gaussiano_regimen__d21__i0.50,1,D02,ok,0.7652541000279598
A,gaussiano_regimen__d21__i0.50,2,D02,ok,0.7830451999907382
A,gaussiano_regimen__d21__i0.50,3,D02,ok,0.7649242999614216
A,gaussiano_regimen__d21__i0.50,4,D02,ok,0.7688898000051267
A,gaussiano_regimen__d21__i0.50,5,D02,ok,0.7643329999991693
A,gaussiano_regimen__d21__i0.50,6,D02,ok,0.7748617000179365
A,gaussiano_regimen__d21__i0.50,8,D02,ok,0.7625021999701858
A,gaussiano_regimen__d21__i0.50,7,D02,ok,0.7844034999725409
A,gaussiano_regimen__d21__i0.50,9,D02,ok,0.7642306999769062
A,gaussiano_regimen__d21__i0.50,10,D02,ok,0.7687788999755867
A,gaussiano_regimen__d63__i1.00,0,D02,ok,0.7649946000310592
A,gaussiano_regimen__d63__i1.00,1,D02,ok,0.7631348000140861
A,gaussiano_regimen__d63__i1.00,2,D02,ok,0.7621682999888435
A,gaussiano_regimen__d63__i1.00,3,D02,ok,0.7704471999895759
A,gaussiano_regimen__d63__i1.00,4,D02,ok,0.7576987000065856
A,gaussiano_regimen__d63__i1.00,5,D02,ok,0.7506553999846801
A,gaussiano_regimen__d63__i1.00,6,D02,ok,0.7714902000152506
A,gaussiano_regimen__d63__i1.00,7,D02,ok,0.7634045000304468
A,gaussiano_regimen__d63__i1.00,8,D02,ok,0.7752174999914132
A,gaussiano_regimen__d63__i1.00,9,D02,ok,0.7755420999601483
A,gaussiano_regimen__d63__i1.00,10,D02,ok,0.7572924999985844
A,gaussiano_regimen__d63__i0.50,0,D02,ok,0.7528737999964505
A,gaussiano_regimen__d63__i0.50,1,D02,ok,0.7557126000174321
A,gaussiano_regimen__d63__i0.50,2,D02,ok,0.77204760001041
A,gaussiano_regimen__d63__i0.50,4,D02,ok,0.7447265000082552
A,gaussiano_regimen__d63__i0.50,3,D02,ok,0.7823351999977604
A,gaussiano_regimen__d63__i0.50,5,D02,ok,0.7621129999752156
A,gaussiano_regimen__d63__i0.50,6,D02,ok,0.7780462999944575
A,gaussiano_regimen__d63__i0.50,7,D02,ok,0.7641178999911062
A,gaussiano_regimen__d63__i0.50,8,D02,ok,0.7636457000044174
A,gaussiano_regimen__d63__i0.50,9,D02,ok,0.7774965999997221
A,gaussiano_regimen__d63__i0.50,10,D02,ok,0.7705999999889173
A,gaussiano_regimen__d252__i1.00,0,D02,ok,0.7651984000112861
A,gaussiano_regimen__d252__i1.00,1,D02,ok,0.761955099995248
A,gaussiano_regimen__d252__i1.00,2,D02,ok,0.7665325999842025
A,gaussiano_regimen__d252__i1.00,3,D02,ok,0.7643471999908797
A,gaussiano_regimen__d252__i1.00,4,D02,ok,0.7708437000401318
A,gaussiano_regimen__d252__i1.00,5,D02,ok,0.7651808999944478
A,gaussiano_regimen__d252__i1.00,6,D02,ok,0.7552202999941073
A,gaussiano_regimen__d252__i1.00,7,D02,ok,0.7768279000301845
A,gaussiano_regimen__d252__i1.00,8,D02,ok,0.7484875000081956
A,gaussiano_regimen__d252__i1.00,9,D02,ok,0.7679360000183806
A,gaussiano_regimen__d252__i1.00,10,D02,ok,0.7669344999594614
A,gaussiano_regimen__d252__i0.50,0,D02,ok,0.7555258999927901
A,gaussiano_regimen__d252__i0.50,1,D02,ok,0.7689358000061475
A,gaussiano_regimen__d252__i0.50,2,D02,ok,0.773530500009656
A,gaussiano_regimen__d252__i0.50,3,D02,ok,0.7652963000000454
A,gaussiano_regimen__d252__i0.50,4,D02,ok,0.7679991999757476
A,gaussiano_regimen__d252__i0.50,5,D02,ok,0.7684729000320658
A,gaussiano_regimen__d252__i0.50,6,D02,ok,0.778952099964954
A,gaussiano_regimen__d252__i0.50,7,D02,ok,0.7674480000277981
A,gaussiano_regimen__d252__i0.50,8,D02,ok,0.757670600025449
A,gaussiano_regimen__d252__i0.50,9,D02,ok,0.7633270000224002
A,gaussiano_regimen__d252__i0.50,10,D02,ok,0.7712785999756306
A,var_regimen__d21__i1.00,0,D02,ok,0.761363799974788
A,var_regimen__d21__i1.00,1,D02,ok,0.768631600018125
A,var_regimen__d21__i1.00,2,D02,ok,0.7590260000433773
A,var_regimen__d21__i1.00,3,D02,ok,0.7646501999697648
A,var_regimen__d21__i1.00,4,D02,ok,0.7744507000315934
A,var_regimen__d21__i1.00,5,D02,ok,0.7611073000007309
A,var_regimen__d21__i1.00,6,D02,ok,0.7546132999705151
A,var_regimen__d21__i1.00,7,D02,ok,0.774362399999518
A,var_regimen__d21__i1.00,8,D02,ok,0.7764394000405446
A,var_regimen__d21__i1.00,9,D02,ok,0.7809426000458188
A,var_regimen__d21__i1.00,10,D02,ok,0.7675680000102147
A,var_regimen__d21__i0.50,0,D02,ok,0.7514280999894254
A,var_regimen__d21__i0.50,1,D02,ok,0.7594400999951176
A,var_regimen__d21__i0.50,2,D02,ok,0.7556127000134438
A,var_regimen__d21__i0.50,3,D02,ok,0.7714916999684647
A,var_regimen__d21__i0.50,4,D02,ok,0.7825466999784112
A,var_regimen__d21__i0.50,5,D02,ok,0.777060899999924
A,var_regimen__d21__i0.50,6,D02,ok,0.763864399981685
A,var_regimen__d21__i0.50,7,D02,ok,0.7466549000237137
A,var_regimen__d21__i0.50,8,D02,ok,0.7577622999669984
A,var_regimen__d21__i0.50,9,D02,ok,0.7671635000151582
A,var_regimen__d21__i0.50,10,D02,ok,0.7744523999863304
A,var_regimen__d63__i1.00,0,D02,ok,0.7655123000149615
A,var_regimen__d63__i1.00,1,D02,ok,0.7717006999882869
A,var_regimen__d63__i1.00,2,D02,ok,0.7692663000198081
A,var_regimen__d63__i1.00,3,D02,ok,0.7820605000015348
A,var_regimen__d63__i1.00,4,D02,ok,0.7693557000020519
A,var_regimen__d63__i1.00,5,D02,ok,0.7456940000411123
A,var_regimen__d63__i1.00,6,D02,ok,0.7451656999764964
A,var_regimen__d63__i1.00,7,D02,ok,0.750759000016842
A,var_regimen__d63__i1.00,8,D02,ok,0.7598434000392444
A,var_regimen__d63__i1.00,9,D02,ok,0.7803175000008196
A,var_regimen__d63__i1.00,10,D02,ok,0.7455915000173263
A,var_regimen__d63__i0.50,0,D02,ok,0.757780299987644
A,var_regimen__d63__i0.50,1,D02,ok,0.7423303000396118
A,var_regimen__d63__i0.50,2,D02,ok,0.7606429000152275
A,var_regimen__d63__i0.50,3,D02,ok,0.7619986000354402
A,var_regimen__d63__i0.50,4,D02,ok,0.7724607999552973
A,var_regimen__d63__i0.50,5,D02,ok,0.7605308999773115
A,var_regimen__d63__i0.50,6,D02,ok,0.7487602000473998
A,var_regimen__d63__i0.50,7,D02,ok,0.7482129000127316
A,var_regimen__d63__i0.50,8,D02,ok,0.7592660000082105
A,var_regimen__d63__i0.50,9,D02,ok,0.7594291999703273
A,var_regimen__d252__i1.00,0,D02,ok,0.7589826000039466
A,var_regimen__d63__i0.50,10,D02,ok,0.780548800015822
A,var_regimen__d252__i1.00,1,D02,ok,0.7603613000246696
A,var_regimen__d252__i1.00,2,D02,ok,0.7633631000062451
A,var_regimen__d252__i1.00,3,D02,ok,0.7556124000111595
A,var_regimen__d252__i1.00,4,D02,ok,0.7488499999744818
A,var_regimen__d252__i1.00,5,D02,ok,0.7641574000008404
A,var_regimen__d252__i1.00,6,D02,ok,0.764016899978742
A,var_regimen__d252__i1.00,7,D02,ok,0.768231800000649
A,var_regimen__d252__i1.00,8,D02,ok,0.7594286999665201
A,var_regimen__d252__i1.00,9,D02,ok,0.7645225999876857
A,var_regimen__d252__i1.00,10,D02,ok,0.7816696999943815
A,var_regimen__d252__i0.50,0,D02,ok,0.7495699999853969
A,var_regimen__d252__i0.50,1,D02,ok,0.7644803000148386
A,var_regimen__d252__i0.50,2,D02,ok,0.7591946999891661
A,var_regimen__d252__i0.50,3,D02,ok,0.7651555999764241
A,var_regimen__d252__i0.50,4,D02,ok,0.7529895000043325
A,var_regimen__d252__i0.50,5,D02,ok,0.7535149000468664
A,var_regimen__d252__i0.50,6,D02,ok,0.761036999989301
A,var_regimen__d252__i0.50,7,D02,ok,0.773700799967628
A,var_regimen__d252__i0.50,9,D02,ok,0.7586633000173606
A,var_regimen__d252__i0.50,8,D02,ok,0.7747442999971099
A,var_regimen__d252__i0.50,10,D02,ok,0.7671945000183769
A,garch_regimen__d21__i1.00,0,D02,ok,0.7613871999783441
A,garch_regimen__d21__i1.00,1,D02,ok,0.7603979000123218
A,garch_regimen__d21__i1.00,2,D02,ok,0.7676254999823868
A,garch_regimen__d21__i1.00,3,D02,ok,0.7571543999947608
A,garch_regimen__d21__i1.00,4,D02,ok,0.7515874999808148
A,garch_regimen__d21__i1.00,5,D02,ok,0.7380808999878354
A,garch_regimen__d21__i1.00,6,D02,ok,0.7623034999705851
A,garch_regimen__d21__i1.00,7,D02,ok,0.7609557000105269
A,garch_regimen__d21__i1.00,8,D02,ok,0.7565799999865703
A,garch_regimen__d21__i1.00,9,D02,ok,0.7676666000043042
A,garch_regimen__d21__i1.00,10,D02,ok,0.7579015999799594
A,garch_regimen__d21__i0.50,0,D02,ok,0.7524423000286333
A,garch_regimen__d21__i0.50,1,D02,ok,0.7530410999897867
A,garch_regimen__d21__i0.50,2,D02,ok,0.7592889000079595
A,garch_regimen__d21__i0.50,3,D02,ok,0.7798566999845207
A,garch_regimen__d21__i0.50,4,D02,ok,0.7715394999831915
A,garch_regimen__d21__i0.50,5,D02,ok,0.7699037999846041
A,garch_regimen__d21__i0.50,7,D02,ok,0.7654327999916859
A,garch_regimen__d21__i0.50,6,D02,ok,0.7893456000019796
A,garch_regimen__d21__i0.50,9,D02,ok,0.7450046999729238
A,garch_regimen__d21__i0.50,8,D02,ok,0.7729256000020541
A,garch_regimen__d21__i0.50,10,D02,ok,0.796692100004293
A,garch_regimen__d63__i1.00,0,D02,ok,0.775830099999439
A,garch_regimen__d63__i1.00,1,D02,ok,0.7685861000209115
A,garch_regimen__d63__i1.00,2,D02,ok,0.7631314999889582
A,garch_regimen__d63__i1.00,3,D02,ok,0.7556932000443339
A,garch_regimen__d63__i1.00,4,D02,ok,0.7644437999697402
A,garch_regimen__d63__i1.00,5,D02,ok,0.7479345999890938
A,garch_regimen__d63__i1.00,6,D02,ok,0.781349600001704
A,garch_regimen__d63__i1.00,7,D02,ok,0.7691305000334978
A,garch_regimen__d63__i1.00,8,D02,ok,0.7565376000129618
A,garch_regimen__d63__i1.00,9,D02,ok,0.7536714999587275
A,garch_regimen__d63__i1.00,10,D02,ok,0.7522008999949321
A,garch_regimen__d63__i0.50,1,D02,ok,0.7481190000544302
A,garch_regimen__d63__i0.50,2,D02,ok,0.7475324000115506
A,garch_regimen__d63__i0.50,0,D02,ok,0.934533499996178
A,garch_regimen__d63__i0.50,3,D02,ok,0.7682911999872886
A,garch_regimen__d63__i0.50,4,D02,ok,0.7713376000174321
A,garch_regimen__d63__i0.50,5,D02,ok,0.7691407999955118
A,garch_regimen__d63__i0.50,6,D02,ok,0.7505613999674097
A,garch_regimen__d63__i0.50,7,D02,ok,0.7666887000086717
A,garch_regimen__d63__i0.50,8,D02,ok,0.7712624999694526
A,garch_regimen__d63__i0.50,9,D02,ok,0.7601518000010401
A,garch_regimen__d63__i0.50,10,D02,ok,0.7563809000421315
A,garch_regimen__d252__i1.00,0,D02,ok,0.7530159999732859
A,garch_regimen__d252__i1.00,2,D02,ok,0.75859899999341
A,garch_regimen__d252__i1.00,1,D02,ok,0.759384700038936
A,garch_regimen__d252__i1.00,3,D02,ok,0.7712486000382341
A,garch_regimen__d252__i1.00,4,D02,ok,0.771622899977956
A,garch_regimen__d252__i1.00,5,D02,ok,0.7638437999994494
A,garch_regimen__d252__i1.00,6,D02,ok,0.7648167000152171
A,garch_regimen__d252__i1.00,7,D02,ok,0.7633097000070848
A,garch_regimen__d252__i1.00,8,D02,ok,0.7517454999615438
A,garch_regimen__d252__i1.00,9,D02,ok,0.7495846000383608
A,garch_regimen__d252__i1.00,10,D02,ok,0.7521875000093132
A,garch_regimen__d252__i0.50,0,D02,ok,0.7506057000136934
A,garch_regimen__d252__i0.50,1,D02,ok,0.7756425999687053
A,garch_regimen__d252__i0.50,2,D02,ok,0.7746718000271358
A,garch_regimen__d252__i0.50,3,D02,ok,0.7615704000345431
A,garch_regimen__d252__i0.50,4,D02,ok,0.7710342999780551
A,garch_regimen__d252__i0.50,5,D02,ok,0.7532401999924332
A,garch_regimen__d252__i0.50,6,D02,ok,0.7415943000232801
A,garch_regimen__d252__i0.50,7,D02,ok,0.7617142000235617
A,garch_regimen__d252__i0.50,8,D02,ok,0.7344876000424847
A,garch_regimen__d252__i0.50,9,D02,ok,0.7258273999905214
A,garch_regimen__d252__i0.50,10,D02,ok,0.7227439999696799
A,gaussiano_regimen__d21__i1.00,0,D03,ok,21.492639700009025
A,gaussiano_regimen__d21__i1.00,2,D03,ok,26.48787030001404
A,gaussiano_regimen__d21__i1.00,4,D03,ok,26.624757799960207
A,gaussiano_regimen__d21__i1.00,1,D03,ok,28.982606500037942
A,gaussiano_regimen__d21__i1.00,7,D03,ok,28.80336120002903
A,gaussiano_regimen__d21__i1.00,5,D03,ok,29.200232099974528
A,gaussiano_regimen__d21__i1.00,6,D03,ok,30.036977100011427
A,gaussiano_regimen__d21__i1.00,3,D03,ok,31.662449800001923
A,gaussiano_regimen__d21__i1.00,9,D03,ok,33.15932650002651
A,gaussiano_regimen__d21__i1.00,8,D03,ok,34.93713289999869
A,gaussiano_regimen__d21__i1.00,10,D03,ok,29.834736999997403
A,gaussiano_regimen__d21__i0.50,0,D03,ok,24.796411900024395
A,gaussiano_regimen__d21__i0.50,4,D03,ok,26.204929300001822
A,gaussiano_regimen__d21__i0.50,5,D03,ok,28.945883900043555
A,gaussiano_regimen__d21__i0.50,3,D03,ok,30.06017289997544
A,gaussiano_regimen__d21__i0.50,2,D03,ok,31.853853399981745
A,gaussiano_regimen__d21__i0.50,1,D03,ok,34.31537169998046
A,gaussiano_regimen__d21__i0.50,7,D03,ok,28.7588381000096
A,gaussiano_regimen__d21__i0.50,6,D03,ok,37.93334310001228
A,gaussiano_regimen__d21__i0.50,8,D03,ok,37.46120369998971
A,gaussiano_regimen__d63__i1.00,1,D03,ok,20.58742210001219
A,gaussiano_regimen__d63__i1.00,4,D03,ok,20.006804000004195
A,gaussiano_regimen__d63__i1.00,2,D03,ok,25.794241299969144
A,gaussiano_regimen__d63__i1.00,0,D03,ok,30.52222169999732
A,gaussiano_regimen__d21__i0.50,9,D03,ok,35.115111400024034
A,gaussiano_regimen__d21__i0.50,10,D03,ok,36.176622200000565
A,gaussiano_regimen__d63__i1.00,5,D03,ok,25.524129800032824
A,gaussiano_regimen__d63__i1.00,7,D03,ok,19.94869160000235
A,gaussiano_regimen__d63__i1.00,3,D03,ok,33.777299500012305
A,gaussiano_regimen__d63__i1.00,6,D03,ok,24.915113800030667
A,gaussiano_regimen__d63__i0.50,1,D03,ok,20.01994010002818
A,gaussiano_regimen__d63__i1.00,8,D03,ok,28.63600460003363
A,gaussiano_regimen__d63__i1.00,9,D03,ok,28.561694999982137
A,gaussiano_regimen__d63__i0.50,3,D03,ok,26.68688960000873
A,gaussiano_regimen__d63__i1.00,10,D03,ok,31.221147599979304
A,gaussiano_regimen__d63__i0.50,6,D03,ok,23.064271199982613
A,gaussiano_regimen__d63__i0.50,4,D03,ok,26.115265400032516
A,gaussiano_regimen__d63__i0.50,2,D03,ok,33.84549989999505
A,gaussiano_regimen__d63__i0.50,0,D03,ok,36.015696199960075
A,gaussiano_regimen__d63__i0.50,5,D03,ok,32.596244400017895
A,gaussiano_regimen__d252__i1.00,0,D03,ok,21.7183927000151
A,gaussiano_regimen__d63__i0.50,7,D03,ok,32.45513539999956
A,gaussiano_regimen__d63__i0.50,9,D03,ok,29.89439199998742
A,gaussiano_regimen__d252__i1.00,2,D03,ok,21.006861899979413
A,gaussiano_regimen__d252__i1.00,4,D03,ok,18.628826699976344
A,gaussiano_regimen__d63__i0.50,8,D03,ok,34.42297309997957
A,gaussiano_regimen__d252__i1.00,1,D03,ok,27.83325089997379
A,gaussiano_regimen__d252__i1.00,5,D03,ok,19.10286659997655
A,gaussiano_regimen__d252__i1.00,3,D03,ok,26.76529870001832
A,gaussiano_regimen__d63__i0.50,10,D03,ok,34.082370900025126
A,gaussiano_regimen__d252__i1.00,6,D03,ok,20.57588170003146
A,gaussiano_regimen__d252__i1.00,8,D03,ok,23.21733839996159
A,gaussiano_regimen__d252__i1.00,7,D03,ok,24.248090700013563
A,gaussiano_regimen__d252__i1.00,10,D03,ok,24.15767779998714
A,gaussiano_regimen__d252__i1.00,9,D03,ok,25.049059799988758
A,gaussiano_regimen__d252__i0.50,3,D03,ok,20.645703099959064
A,gaussiano_regimen__d252__i0.50,2,D03,ok,23.054078200017106
A,gaussiano_regimen__d252__i0.50,0,D03,ok,28.413018599967472
A,gaussiano_regimen__d252__i0.50,1,D03,ok,26.27602679998381
A,gaussiano_regimen__d252__i0.50,4,D03,ok,28.09700979996705
A,gaussiano_regimen__d252__i0.50,5,D03,ok,24.806660700007345
A,var_regimen__d21__i1.00,2,D03,ok,16.024919099989347
A,var_regimen__d21__i1.00,0,D03,ok,20.277991999988444
A,gaussiano_regimen__d252__i0.50,9,D03,ok,24.711396600003354
A,gaussiano_regimen__d252__i0.50,8,D03,ok,24.94698960002279
A,gaussiano_regimen__d252__i0.50,7,D03,ok,26.976862300012726
A,var_regimen__d21__i1.00,1,D03,ok,21.7625740999938
A,gaussiano_regimen__d252__i0.50,6,D03,ok,31.808647500001825
A,var_regimen__d21__i1.00,3,D03,ok,17.663291400007438
A,var_regimen__d21__i1.00,5,D03,ok,8.596453400037717
A,gaussiano_regimen__d252__i0.50,10,D03,ok,28.090224999992643
A,var_regimen__d21__i1.00,4,D03,ok,18.750216500018723
A,var_regimen__d21__i1.00,9,D03,ok,17.32380509999348
A,var_regimen__d21__i1.00,8,D03,ok,17.833431700011715
A,var_regimen__d21__i1.00,7,D03,ok,20.85007859999314
A,var_regimen__d21__i1.00,6,D03,ok,22.842132300022055
A,var_regimen__d21__i1.00,10,D03,ok,20.253047599981077
A,var_regimen__d21__i0.50,2,D03,ok,16.94801880000159
A,var_regimen__d21__i0.50,0,D03,ok,19.629065899993293
A,var_regimen__d21__i0.50,5,D03,ok,8.165647200017702
A,var_regimen__d21__i0.50,1,D03,ok,21.51554019999457
A,var_regimen__d21__i0.50,3,D03,ok,21.354920300014783
A,var_regimen__d21__i0.50,4,D03,ok,22.61095239996212
A,var_regimen__d21__i0.50,8,D03,ok,15.561225900019052
A,var_regimen__d21__i0.50,9,D03,ok,17.068435699969996
A,var_regimen__d21__i0.50,6,D03,ok,23.25007159996312
A,var_regimen__d63__i1.00,0,D03,ok,17.10656560002826
A,var_regimen__d21__i0.50,7,D03,ok,21.594789399998263
A,var_regimen__d63__i1.00,2,D03,ok,17.392086800013203
A,var_regimen__d63__i1.00,3,D03,ok,15.937108299985994
A,var_regimen__d63__i1.00,1,D03,ok,19.17251230002148
A,var_regimen__d21__i0.50,10,D03,ok,22.16110730002401
A,var_regimen__d63__i1.00,4,D03,ok,11.222084200009704
A,var_regimen__d63__i1.00,7,D03,ok,14.93151999998372
A,var_regimen__d63__i1.00,10,D03,ok,12.587938799988478
A,var_regimen__d63__i1.00,5,D03,ok,18.231371700007003
A,var_regimen__d63__i1.00,8,D03,ok,15.081794500001706
A,var_regimen__d63__i1.00,6,D03,ok,16.457672699994873
A,var_regimen__d63__i0.50,0,D03,ok,15.953572100028396
A,var_regimen__d63__i0.50,1,D03,ok,16.178889599977992
A,var_regimen__d63__i1.00,9,D03,ok,18.9026787999901
A,var_regimen__d63__i0.50,2,D03,ok,19.50202029995853
A,var_regimen__d63__i0.50,3,D03,ok,19.520347599987872
A,var_regimen__d63__i0.50,4,D03,ok,10.804849800013471
A,var_regimen__d63__i0.50,8,D03,ok,14.644543599977624
A,var_regimen__d63__i0.50,7,D03,ok,15.891471199982334
A,var_regimen__d63__i0.50,10,D03,ok,13.724812100001143
A,var_regimen__d63__i0.50,5,D03,ok,19.58166299998993
A,var_regimen__d63__i0.50,6,D03,ok,19.875433700042777
A,var_regimen__d252__i1.00,3,D03,ok,13.292757700022776
A,var_regimen__d252__i1.00,1,D03,ok,16.54315719997976
A,var_regimen__d252__i1.00,2,D03,ok,16.547363299992867
A,var_regimen__d252__i1.00,0,D03,ok,21.329542899969965
A,var_regimen__d63__i0.50,9,D03,ok,23.57592259999365
A,var_regimen__d252__i1.00,4,D03,ok,20.01160050003091
A,var_regimen__d252__i1.00,5,D03,ok,19.4092581999721
A,var_regimen__d252__i1.00,6,D03,ok,18.749734900018662
A,var_regimen__d252__i1.00,8,D03,ok,19.17319259996293
A,var_regimen__d252__i1.00,7,D03,ok,20.81887420004932
A,var_regimen__d252__i0.50,1,D03,ok,14.900190200016368
A,var_regimen__d252__i1.00,9,D03,ok,19.789618099981453
A,var_regimen__d252__i1.00,10,D03,ok,18.392237399995796
A,var_regimen__d252__i0.50,0,D03,ok,19.858396099996757
A,var_regimen__d252__i0.50,2,D03,ok,21.042880999972112
A,var_regimen__d252__i0.50,3,D03,ok,14.550084699993022
A,var_regimen__d252__i0.50,4,D03,ok,17.182990900008008
A,var_regimen__d252__i0.50,5,D03,ok,19.04929669998819
A,var_regimen__d252__i0.50,6,D03,ok,21.18977699999232
A,garch_regimen__d21__i1.00,0,D03,ok,14.757470200012904
A,var_regimen__d252__i0.50,10,D03,ok,17.05550369998673
A,var_regimen__d252__i0.50,7,D03,ok,20.856327200017404
A,var_regimen__d252__i0.50,8,D03,ok,20.795569799956866
A,var_regimen__d252__i0.50,9,D03,ok,19.01537290000124
A,garch_regimen__d21__i1.00,1,D03,ok,17.088623300020117
A,garch_regimen__d21__i1.00,2,D03,ok,16.908986199996434
A,garch_regimen__d21__i1.00,3,D03,ok,16.114668699970935
A,garch_regimen__d21__i1.00,4,D03,ok,17.773547799966764
A,garch_regimen__d21__i1.00,7,D03,ok,16.300492799957283
A,garch_regimen__d21__i1.00,5,D03,ok,16.92817259998992
A,garch_regimen__d21__i1.00,6,D03,ok,16.861618599970825
A,garch_regimen__d21__i1.00,8,D03,ok,17.151739900000393
A,garch_regimen__d21__i1.00,9,D03,ok,16.71093339996878
A,garch_regimen__d21__i0.50,0,D03,ok,15.4146515999455
A,garch_regimen__d21__i1.00,10,D03,ok,19.529251399973877
A,garch_regimen__d21__i0.50,1,D03,ok,16.056602100026794
A,garch_regimen__d21__i0.50,2,D03,ok,17.224384099943563
A,garch_regimen__d21__i0.50,3,D03,ok,15.278278299956582
A,garch_regimen__d21__i0.50,4,D03,ok,16.697050799964927
A,garch_regimen__d21__i0.50,7,D03,ok,16.442531000007875
A,garch_regimen__d21__i0.50,6,D03,ok,17.43893850001041
A,garch_regimen__d21__i0.50,8,D03,ok,16.70304470002884
A,garch_regimen__d21__i0.50,5,D03,ok,18.165932499978226
A,garch_regimen__d21__i0.50,9,D03,ok,19.15479249996133
A,garch_regimen__d21__i0.50,10,D03,ok,18.574888200033456
A,garch_regimen__d63__i1.00,0,D03,ok,18.994293500029016
A,garch_regimen__d63__i1.00,1,D03,ok,19.51539039995987
A,garch_regimen__d63__i1.00,2,D03,ok,18.206509099982213
A,garch_regimen__d63__i1.00,5,D03,ok,13.050809699983802
A,garch_regimen__d63__i1.00,3,D03,ok,17.05356369999936
A,garch_regimen__d63__i1.00,4,D03,ok,17.03729960002238
A,garch_regimen__d63__i1.00,7,D03,ok,20.796168500033676
A,garch_regimen__d63__i1.00,8,D03,ok,17.381934300006833
A,garch_regimen__d63__i1.00,6,D03,ok,22.734633000043686
A,garch_regimen__d63__i1.00,10,D03,ok,19.584422900050413
A,garch_regimen__d63__i1.00,9,D03,ok,22.282348000037015
A,garch_regimen__d63__i0.50,0,D03,ok,18.89837519999128
A,garch_regimen__d63__i0.50,1,D03,ok,18.795157399959862
A,garch_regimen__d63__i0.50,2,D03,ok,20.733968499989714
A,garch_regimen__d63__i0.50,3,D03,ok,18.012845999968704
A,garch_regimen__d63__i0.50,5,D03,ok,14.127901900035797
A,garch_regimen__d63__i0.50,4,D03,ok,20.660005300014745
A,garch_regimen__d63__i0.50,7,D03,ok,18.997901399969123
A,garch_regimen__d63__i0.50,6,D03,ok,19.520978999964427
A,garch_regimen__d63__i0.50,8,D03,ok,17.094837400014512
A,garch_regimen__d252__i1.00,1,D03,ok,11.886716300039552
A,garch_regimen__d252__i1.00,0,D03,ok,16.01898449996952
A,garch_regimen__d63__i0.50,10,D03,ok,18.22742410004139
A,garch_regimen__d252__i1.00,2,D03,ok,14.01735620002728
A,garch_regimen__d252__i1.00,3,D03,ok,19.0402630000026
A,garch_regimen__d252__i1.00,5,D03,ok,14.193606799992269
A,garch_regimen__d63__i0.50,9,D03,ok,28.714436699985527
A,garch_regimen__d252__i1.00,4,D03,ok,19.977396000002045
A,garch_regimen__d252__i1.00,8,D03,ok,15.056796599994414
A,garch_regimen__d252__i1.00,7,D03,ok,17.2423593000276
A,garch_regimen__d252__i1.00,6,D03,ok,21.149989099998493
A,garch_regimen__d252__i1.00,10,D03,ok,16.494380299991462
A,garch_regimen__d252__i1.00,9,D03,ok,18.872522699995898
A,garch_regimen__d252__i0.50,0,D03,ok,18.392476600012746
A,garch_regimen__d252__i0.50,1,D03,ok,13.976053900027182
A,garch_regimen__d252__i0.50,2,D03,ok,12.844981799949892
A,garch_regimen__d252__i0.50,5,D03,ok,14.735653400013687
A,garch_regimen__d252__i0.50,7,D03,ok,13.589510300022084
A,garch_regimen__d252__i0.50,4,D03,ok,19.49286759999813
A,garch_regimen__d252__i0.50,3,D03,ok,20.782352400012314
A,garch_regimen__d252__i0.50,6,D03,ok,17.65803330001654
A,garch_regimen__d252__i0.50,8,D03,ok,15.104020000027958
A,garch_regimen__d252__i0.50,10,D03,ok,14.038752499967812
A,garch_regimen__d252__i0.50,9,D03,ok,18.177258700015955
A,gaussiano_regimen__d21__i1.00,2,D04,ok,245.84998469997663
A,gaussiano_regimen__d21__i1.00,1,D04,ok,261.22941610001726
A,gaussiano_regimen__d21__i1.00,8,D04,ok,251.0493879999849
A,gaussiano_regimen__d21__i1.00,6,D04,ok,253.2101056000101
A,gaussiano_regimen__d21__i1.00,4,D04,ok,256.96769299998414
A,gaussiano_regimen__d21__i1.00,0,D04,ok,267.28682080004364
A,gaussiano_regimen__d21__i1.00,5,D04,ok,258.2003390999744
A,gaussiano_regimen__d21__i1.00,7,D04,ok,258.9414589999942
A,gaussiano_regimen__d21__i1.00,3,D04,ok,261.9025871999911
A,gaussiano_regimen__d21__i1.00,9,D04,ok,263.13676259998465
A,gaussiano_regimen__d21__i0.50,2,D04,ok,243.07581310003297
A,gaussiano_regimen__d21__i1.00,10,D04,ok,257.2968615999562
A,gaussiano_regimen__d21__i0.50,0,D04,ok,251.3392990999855
A,gaussiano_regimen__d21__i0.50,7,D04,ok,243.85166460002077
A,gaussiano_regimen__d21__i0.50,4,D04,ok,250.92423970001985
A,gaussiano_regimen__d21__i0.50,1,D04,ok,256.51248879998457
A,gaussiano_regimen__d21__i0.50,6,D04,ok,260.23270250001224
A,gaussiano_regimen__d21__i0.50,3,D04,ok,275.8497100000386
A,gaussiano_regimen__d21__i0.50,8,D04,ok,265.6494049000321
A,gaussiano_regimen__d21__i0.50,5,D04,ok,282.32687779999105
A,gaussiano_regimen__d63__i1.00,2,D04,ok,234.91321460000472
A,gaussiano_regimen__d63__i1.00,1,D04,ok,247.5439556000056
A,gaussiano_regimen__d63__i1.00,4,D04,ok,234.32094210002103
A,gaussiano_regimen__d21__i0.50,10,D04,ok,254.19396080001025
A,gaussiano_regimen__d63__i1.00,3,D04,ok,247.2547541999957
A,gaussiano_regimen__d63__i1.00,5,D04,ok,232.4547327000182
A,gaussiano_regimen__d21__i0.50,9,D04,ok,272.9746300000116
A,gaussiano_regimen__d63__i1.00,7,D04,ok,240.10402850003447
A,gaussiano_regimen__d63__i1.00,0,D04,ok,278.24731740000425
A,gaussiano_regimen__d63__i1.00,6,D04,ok,251.52174060000107
A,gaussiano_regimen__d63__i1.00,9,D04,ok,235.2090409999946
A,gaussiano_regimen__d63__i1.00,8,D04,ok,253.9360671999748
A,gaussiano_regimen__d63__i0.50,1,D04,ok,258.75525770004606
A,gaussiano_regimen__d63__i0.50,3,D04,ok,250.40287449996688
A,gaussiano_regimen__d63__i1.00,10,D04,ok,270.9760475999792
A,gaussiano_regimen__d63__i0.50,2,D04,ok,261.8075019999524
A,gaussiano_regimen__d63__i0.50,0,D04,ok,274.6096122000017
A,gaussiano_regimen__d63__i0.50,5,D04,ok,252.6385573000298
A,gaussiano_regimen__d63__i0.50,6,D04,ok,253.5242009999929
A,gaussiano_regimen__d63__i0.50,4,D04,ok,263.4518677999731
A,gaussiano_regimen__d63__i0.50,7,D04,ok,250.65207770001143
A,gaussiano_regimen__d252__i1.00,1,D04,ok,224.0534101999947
A,gaussiano_regimen__d252__i1.00,2,D04,ok,221.1498231999576
A,gaussiano_regimen__d63__i0.50,8,D04,ok,257.5840518999612
A,gaussiano_regimen__d252__i1.00,0,D04,ok,229.52013259998057
A,gaussiano_regimen__d252__i1.00,4,D04,ok,217.10887610004283
A,gaussiano_regimen__d63__i0.50,9,D04,ok,242.04194189998088
A,gaussiano_regimen__d252__i1.00,3,D04,ok,226.0841655000113
A,gaussiano_regimen__d252__i1.00,5,D04,ok,221.8019070000155
A,gaussiano_regimen__d63__i0.50,10,D04,ok,262.05856340000173
A,gaussiano_regimen__d252__i1.00,6,D04,ok,224.57693889999064
A,gaussiano_regimen__d252__i1.00,8,D04,ok,218.17275029997109
A,gaussiano_regimen__d252__i1.00,10,D04,ok,222.5150600000052
A,gaussiano_regimen__d252__i1.00,7,D04,ok,229.31496330001391
A,gaussiano_regimen__d252__i1.00,9,D04,ok,225.1502782999887
A,gaussiano_regimen__d252__i0.50,3,D04,ok,237.80482570000456
A,gaussiano_regimen__d252__i0.50,2,D04,ok,245.18181769998048
A,gaussiano_regimen__d252__i0.50,1,D04,ok,250.34596869995585
A,gaussiano_regimen__d252__i0.50,0,D04,ok,251.77214209997328
A,gaussiano_regimen__d252__i0.50,4,D04,ok,229.22874400002183
A,gaussiano_regimen__d252__i0.50,6,D04,ok,266.0858844000031
A,gaussiano_regimen__d252__i0.50,5,D04,ok,277.42799369996646
A,var_regimen__d21__i1.00,2,D04,ok,240.06398929998977
A,var_regimen__d21__i1.00,1,D04,ok,244.5739303000155
A,gaussiano_regimen__d252__i0.50,8,D04,ok,281.649732800026
A,gaussiano_regimen__d252__i0.50,7,D04,ok,283.81251980003435
A,var_regimen__d21__i1.00,3,D04,ok,251.42477639997375
A,gaussiano_regimen__d252__i0.50,9,D04,ok,287.9911731000175
A,var_regimen__d21__i1.00,0,D04,ok,263.0548490000074
A,gaussiano_regimen__d252__i0.50,10,D04,ok,303.58633839996764
A,var_regimen__d21__i1.00,5,D04,ok,234.4785256999894
A,var_regimen__d21__i1.00,8,D04,ok,231.3107012999826
A,var_regimen__d21__i1.00,4,D04,ok,259.9881567999837
A,var_regimen__d21__i1.00,7,D04,ok,245.68849689996568
A,var_regimen__d21__i0.50,1,D04,ok,241.60779480001656
A,var_regimen__d21__i1.00,9,D04,ok,249.30740810005227
A,var_regimen__d21__i1.00,10,D04,ok,258.7282143000048
A,var_regimen__d21__i1.00,6,D04,ok,273.1428212999599
A,var_regimen__d21__i0.50,0,D04,ok,260.7825319999829
A,var_regimen__d21__i0.50,2,D04,ok,236.21622860000932
A,var_regimen__d21__i0.50,3,D04,ok,257.30457249999745
A,var_regimen__d21__i0.50,5,D04,ok,243.97323279996635
A,var_regimen__d21__i0.50,8,D04,ok,247.20385399996303
A,var_regimen__d21__i0.50,4,D04,ok,270.0044552999898
A,var_regimen__d21__i0.50,7,D04,ok,260.0050773000112
A,var_regimen__d21__i0.50,6,D04,ok,283.78288140002405
A,var_regimen__d21__i0.50,9,D04,ok,263.7535222999868
A,var_regimen__d21__i0.50,10,D04,ok,273.6660624999786
A,var_regimen__d63__i1.00,0,D04,ok,270.03939609997906
A,var_regimen__d63__i1.00,1,D04,ok,275.52718350000214
A,var_regimen__d63__i1.00,3,D04,ok,274.5349387000315
A,var_regimen__d63__i1.00,2,D04,ok,288.51155180000933
A,var_regimen__d63__i1.00,4,D04,ok,268.18532059999416
A,var_regimen__d63__i1.00,6,D04,ok,273.1919382000342
A,var_regimen__d63__i1.00,7,D04,ok,265.6414802999934
A,var_regimen__d63__i1.00,5,D04,ok,289.45266640000045
A,var_regimen__d63__i1.00,8,D04,ok,277.0911775000277
A,var_regimen__d63__i1.00,9,D04,ok,273.23354329995345
A,var_regimen__d63__i1.00,10,D04,ok,271.55042969994247
A,var_regimen__d63__i0.50,0,D04,ok,279.4477403999772
A,var_regimen__d63__i0.50,1,D04,ok,254.30958140001167
A,var_regimen__d63__i0.50,2,D04,ok,255.84696110000368
A,var_regimen__d63__i0.50,3,D04,ok,251.1774841999868
A,var_regimen__d63__i0.50,4,D04,ok,237.9490133000072
A,var_regimen__d63__i0.50,6,D04,ok,243.1347863000119
A,var_regimen__d63__i0.50,7,D04,ok,245.6620187999797
A,var_regimen__d63__i0.50,9,D04,ok,239.2439109000261
A,var_regimen__d63__i0.50,5,D04,ok,263.3575374999782
A,var_regimen__d63__i0.50,8,D04,ok,242.5398819000111
A,var_regimen__d63__i0.50,10,D04,ok,242.54849610000383
A,var_regimen__d252__i1.00,1,D04,ok,229.59243810002224
A,var_regimen__d252__i1.00,2,D04,ok,233.4479293000186
A,var_regimen__d252__i1.00,3,D04,ok,231.14131619996624
A,var_regimen__d252__i1.00,0,D04,ok,246.5152672000113
A,var_regimen__d252__i1.00,4,D04,ok,240.24078629998257
A,var_regimen__d252__i1.00,5,D04,ok,239.6940424999921
A,var_regimen__d252__i1.00,8,D04,ok,241.68063890002668
A,var_regimen__d252__i1.00,6,D04,ok,250.3924610000104
A,var_regimen__d252__i1.00,7,D04,ok,248.90246969996952
A,var_regimen__d252__i1.00,9,D04,ok,244.18555470003048
A,var_regimen__d252__i0.50,1,D04,ok,236.4008374999976
A,var_regimen__d252__i0.50,2,D04,ok,243.59038960002363
A,var_regimen__d252__i1.00,10,D04,ok,258.2858538000146
A,var_regimen__d252__i0.50,3,D04,ok,240.03600760002155
A,var_regimen__d252__i0.50,0,D04,ok,267.78931620001094
A,var_regimen__d252__i0.50,4,D04,ok,243.0170548000024
A,var_regimen__d252__i0.50,5,D04,ok,247.77056240005183
A,var_regimen__d252__i0.50,6,D04,ok,252.79317459999584
A,var_regimen__d252__i0.50,7,D04,ok,262.7990565999644
A,var_regimen__d252__i0.50,8,D04,ok,246.94916429999284
A,var_regimen__d252__i0.50,9,D04,ok,260.4573301000055
A,garch_regimen__d21__i1.00,1,D04,ok,243.8254105999949
A,garch_regimen__d21__i1.00,0,D04,ok,261.65572000003885
A,var_regimen__d252__i0.50,10,D04,ok,277.453493500012
A,garch_regimen__d21__i1.00,3,D04,ok,245.5441695000045
A,garch_regimen__d21__i1.00,2,D04,ok,265.258349700016
A,garch_regimen__d21__i1.00,4,D04,ok,247.01137510000265
A,garch_regimen__d21__i1.00,5,D04,ok,256.58880460000364
A,garch_regimen__d21__i1.00,6,D04,ok,251.979717899987
A,garch_regimen__d21__i1.00,7,D04,ok,251.653604799998
A,garch_regimen__d21__i1.00,9,D04,ok,245.08063790004235
A,garch_regimen__d21__i1.00,8,D04,ok,256.8239574999898
A,garch_regimen__d21__i0.50,1,D04,ok,241.86500809999416
A,garch_regimen__d21__i0.50,3,D04,ok,242.2647841999424
A,garch_regimen__d21__i1.00,10,D04,ok,266.5079357000068
A,garch_regimen__d21__i0.50,0,D04,ok,257.7799429000006
A,garch_regimen__d21__i0.50,2,D04,ok,257.0996742999996
A,garch_regimen__d21__i0.50,4,D04,ok,245.34925109997857
A,garch_regimen__d21__i0.50,5,D04,ok,250.14987570000807
A,garch_regimen__d21__i0.50,6,D04,ok,244.5423240999808
A,garch_regimen__d21__i0.50,7,D04,ok,231.9217900999938
A,garch_regimen__d21__i0.50,8,D04,ok,244.1674683999736
A,garch_regimen__d21__i0.50,9,D04,ok,232.96844279998916
A,garch_regimen__d63__i1.00,1,D04,ok,230.14174079999796
A,garch_regimen__d21__i0.50,10,D04,ok,250.7615498999949
A,garch_regimen__d63__i1.00,3,D04,ok,230.8844918999821
A,garch_regimen__d63__i1.00,0,D04,ok,254.50200439995388
A,garch_regimen__d63__i1.00,4,D04,ok,228.8074278999702
A,garch_regimen__d63__i1.00,2,D04,ok,258.9101329999976
A,garch_regimen__d63__i1.00,5,D04,ok,239.2817804000224
A,garch_regimen__d63__i1.00,8,D04,ok,218.1232518000179
A,garch_regimen__d63__i1.00,6,D04,ok,236.4413559000241
A,garch_regimen__d63__i1.00,7,D04,ok,239.99042729998476
A,garch_regimen__d63__i0.50,1,D04,ok,220.3816749000107
A,garch_regimen__d63__i1.00,9,D04,ok,248.4077872000053
A,garch_regimen__d63__i1.00,10,D04,ok,240.03318389999916
A,garch_regimen__d63__i0.50,3,D04,ok,226.40805470000487
A,garch_regimen__d63__i0.50,0,D04,ok,245.19058699999005
A,garch_regimen__d63__i0.50,4,D04,ok,226.28005880001
A,garch_regimen__d63__i0.50,2,D04,ok,247.59519960003672
A,garch_regimen__d63__i0.50,5,D04,ok,241.7857199999853
A,garch_regimen__d63__i0.50,6,D04,ok,243.45336539996788
A,garch_regimen__d63__i0.50,8,D04,ok,225.0614634999656
A,garch_regimen__d63__i0.50,7,D04,ok,246.43990009999837
A,garch_regimen__d252__i1.00,1,D04,ok,233.68953439994948
A,garch_regimen__d63__i0.50,10,D04,ok,246.20259030000307
A,garch_regimen__d63__i0.50,9,D04,ok,257.91467430000193
A,garch_regimen__d252__i1.00,2,D04,ok,240.8283780000056
A,garch_regimen__d252__i1.00,0,D04,ok,246.9763593999669
A,garch_regimen__d252__i1.00,3,D04,ok,242.30248199997004
A,garch_regimen__d252__i1.00,5,D04,ok,234.40035509999143
A,garch_regimen__d252__i1.00,4,D04,ok,254.45141829998465
A,garch_regimen__d252__i1.00,6,D04,ok,238.4578574000043
A,garch_regimen__d252__i1.00,7,D04,ok,243.34267749998253
A,garch_regimen__d252__i1.00,8,D04,ok,227.7057113000192
A,garch_regimen__d252__i0.50,1,D04,ok,230.44106879999163
A,garch_regimen__d252__i1.00,9,D04,ok,244.7583853999968
A,garch_regimen__d252__i1.00,10,D04,ok,245.61818460002544
A,garch_regimen__d252__i0.50,0,D04,ok,241.6950590999913
A,garch_regimen__d252__i0.50,2,D04,ok,234.46180650003956
A,gaussiano_regimen__d21__i1.00,0,D06,ok,10.89341969997622
A,gaussiano_regimen__d21__i1.00,1,D06,ok,14.675384700007273
A,gaussiano_regimen__d21__i1.00,2,D06,ok,14.289846700034104
A,gaussiano_regimen__d21__i1.00,3,D06,ok,9.322931400034577
A,gaussiano_regimen__d21__i1.00,5,D06,ok,7.911795999971218
A,gaussiano_regimen__d21__i1.00,4,D06,ok,8.915148700005375
A,gaussiano_regimen__d21__i1.00,6,D06,ok,9.783342999988236
A,gaussiano_regimen__d21__i1.00,7,D06,ok,16.934936799982097
A,gaussiano_regimen__d21__i1.00,8,D06,ok,10.821391400007997
A,gaussiano_regimen__d21__i1.00,9,D06,ok,9.76806430000579
A,gaussiano_regimen__d21__i1.00,10,D06,ok,10.320170300023165
A,gaussiano_regimen__d21__i0.50,0,D06,ok,8.978067699994426
A,gaussiano_regimen__d21__i0.50,1,D06,ok,11.739254399959464
A,gaussiano_regimen__d21__i0.50,2,D06,ok,11.20762509998167
A,gaussiano_regimen__d21__i0.50,3,D06,ok,9.057736200047655
A,gaussiano_regimen__d21__i0.50,4,D06,ok,9.076413900009356
A,gaussiano_regimen__d21__i0.50,5,D06,ok,9.90554130001692
A,gaussiano_regimen__d21__i0.50,6,D06,ok,8.701737800030969
A,gaussiano_regimen__d21__i0.50,7,D06,ok,13.130057500035036
A,gaussiano_regimen__d21__i0.50,8,D06,ok,11.831987300014587
A,gaussiano_regimen__d21__i0.50,9,D06,ok,11.186665800050832
A,gaussiano_regimen__d21__i0.50,10,D06,ok,11.747227100015152
A,gaussiano_regimen__d63__i1.00,0,D06,ok,9.665018100000452
A,gaussiano_regimen__d63__i1.00,1,D06,ok,8.669924799993169
A,gaussiano_regimen__d63__i1.00,2,D06,ok,8.174657299998216
A,gaussiano_regimen__d63__i1.00,3,D06,ok,8.931530000001658
A,gaussiano_regimen__d63__i1.00,4,D06,ok,8.625995100010186
A,gaussiano_regimen__d63__i1.00,5,D06,ok,9.04347209999105
A,gaussiano_regimen__d63__i1.00,6,D06,ok,10.073315199988429
A,gaussiano_regimen__d63__i1.00,7,D06,ok,9.431053100037389
A,gaussiano_regimen__d63__i1.00,8,D06,ok,9.792827899975237
A,gaussiano_regimen__d63__i1.00,9,D06,ok,8.906265700003132
A,gaussiano_regimen__d63__i1.00,10,D06,ok,9.041406299977098
A,gaussiano_regimen__d63__i0.50,0,D06,ok,11.40651279996382
A,garch_regimen__d252__i0.50,3,D04,ok,245.29038419999412
A,gaussiano_regimen__d63__i0.50,2,D06,ok,8.046013400016818
A,garch_regimen__d252__i0.50,5,D04,ok,238.20495400001528
A,gaussiano_regimen__d63__i0.50,1,D06,ok,12.267927400011104
A,gaussiano_regimen__d63__i0.50,3,D06,ok,15.416539400001056
A,garch_regimen__d252__i0.50,4,D04,ok,246.6719979000045
A,gaussiano_regimen__d63__i0.50,4,D06,ok,9.817371500015724
A,gaussiano_regimen__d63__i0.50,6,D06,ok,8.132451799989212
A,garch_regimen__d252__i0.50,6,D04,ok,242.2533187000081
A,gaussiano_regimen__d63__i0.50,7,D06,ok,10.327922900032718
A,gaussiano_regimen__d63__i0.50,9,D06,ok,11.842220599995926
A,gaussiano_regimen__d63__i0.50,5,D06,ok,16.219685000018217
A,gaussiano_regimen__d63__i0.50,8,D06,ok,14.383027800009586
A,gaussiano_regimen__d252__i1.00,1,D06,ok,9.224571100028696
A,gaussiano_regimen__d63__i0.50,10,D06,ok,10.713025600009132
A,garch_regimen__d252__i0.50,8,D04,ok,228.62590929999715
A,gaussiano_regimen__d252__i1.00,0,D06,ok,11.576652100018691
A,gaussiano_regimen__d252__i1.00,2,D06,ok,8.310105699987616
A,gaussiano_regimen__d252__i1.00,3,D06,ok,8.56836510001449
A,gaussiano_regimen__d252__i1.00,4,D06,ok,9.128377599990928
A,gaussiano_regimen__d252__i1.00,5,D06,ok,9.121128200029489
A,gaussiano_regimen__d252__i1.00,8,D06,ok,9.174989600025585
A,garch_regimen__d252__i0.50,7,D04,ok,251.49530299997423
A,gaussiano_regimen__d252__i1.00,6,D06,ok,11.161324799992144
A,gaussiano_regimen__d252__i1.00,7,D06,ok,11.196146700007375
A,gaussiano_regimen__d252__i1.00,9,D06,ok,10.404433300020171
A,gaussiano_regimen__d252__i1.00,10,D06,ok,8.36196170002222
A,gaussiano_regimen__d252__i0.50,0,D06,ok,10.372923299961258
A,gaussiano_regimen__d252__i0.50,1,D06,ok,10.25971319997916
A,gaussiano_regimen__d252__i0.50,2,D06,ok,9.400224500044716
A,gaussiano_regimen__d252__i0.50,4,D06,ok,10.439248199982105
A,gaussiano_regimen__d252__i0.50,5,D06,ok,9.906826600024942
A,gaussiano_regimen__d252__i0.50,3,D06,ok,11.4967843000195
A,garch_regimen__d252__i0.50,9,D04,ok,243.8185807999689
A,gaussiano_regimen__d252__i0.50,7,D06,ok,9.301984699966852
A,gaussiano_regimen__d252__i0.50,6,D06,ok,11.288779300055468
A,gaussiano_regimen__d252__i0.50,8,D06,ok,10.370181699981911
A,gaussiano_regimen__d252__i0.50,10,D06,ok,9.297771900019145
A,var_regimen__d21__i1.00,0,D06,ok,7.960564199951477
A,var_regimen__d21__i1.00,4,D06,ok,6.789263700018637
A,var_regimen__d21__i1.00,1,D06,ok,8.520504399959464
A,gaussiano_regimen__d252__i0.50,9,D06,ok,11.901219199993648
A,garch_regimen__d252__i0.50,10,D04,ok,249.3598020999925
A,var_regimen__d21__i1.00,2,D06,ok,10.033526099985464
A,var_regimen__d21__i1.00,3,D06,ok,9.759165800001938
A,var_regimen__d21__i1.00,5,D06,ok,9.574960400001146
A,var_regimen__d21__i1.00,6,D06,ok,8.086886399949435
A,var_regimen__d21__i1.00,7,D06,ok,8.312741299974732
A,var_regimen__d21__i1.00,8,D06,ok,8.518243300030008
A,var_regimen__d21__i1.00,10,D06,ok,7.436487300030421
A,var_regimen__d21__i0.50,0,D06,ok,8.12223300000187
A,var_regimen__d21__i1.00,9,D06,ok,10.006048700015526
A,var_regimen__d21__i0.50,3,D06,ok,8.695495600055438
A,var_regimen__d21__i0.50,4,D06,ok,7.138321900041774
A,var_regimen__d21__i0.50,2,D06,ok,9.787370599980932
A,var_regimen__d21__i0.50,1,D06,ok,10.910865399986506
A,var_regimen__d21__i0.50,5,D06,ok,9.92600289999973
A,var_regimen__d21__i0.50,6,D06,ok,8.377048299997114
A,var_regimen__d21__i0.50,7,D06,ok,8.217967500037048
A,var_regimen__d21__i0.50,8,D06,ok,8.33032639999874
A,var_regimen__d21__i0.50,10,D06,ok,7.570202399976551
A,var_regimen__d21__i0.50,9,D06,ok,10.824713499983773
A,var_regimen__d63__i1.00,0,D06,ok,10.406635299965274
A,var_regimen__d63__i1.00,2,D06,ok,9.744836499972736
A,var_regimen__d63__i1.00,1,D06,ok,11.125949000008404
A,var_regimen__d63__i1.00,3,D06,ok,10.841053199954333
A,var_regimen__d63__i1.00,6,D06,ok,8.587262800021563
A,var_regimen__d63__i1.00,4,D06,ok,10.480867200007197
A,var_regimen__d63__i1.00,5,D06,ok,10.066864699998405
A,var_regimen__d63__i1.00,7,D06,ok,10.10640239994973
A,var_regimen__d63__i1.00,9,D06,ok,9.44355700002052
A,var_regimen__d63__i0.50,0,D06,ok,7.607953500002623
A,var_regimen__d63__i1.00,10,D06,ok,9.140848900016865
A,var_regimen__d63__i0.50,2,D06,ok,7.7329264000291005
A,var_regimen__d63__i0.50,1,D06,ok,10.25936249998631
A,var_regimen__d63__i0.50,3,D06,ok,8.366403200023342
A,var_regimen__d63__i1.00,8,D06,ok,17.144572199962568
A,var_regimen__d63__i0.50,6,D06,ok,8.6563535000314
A,var_regimen__d63__i0.50,4,D06,ok,10.461484499974176
A,var_regimen__d63__i0.50,5,D06,ok,10.604619400051888
A,var_regimen__d63__i0.50,7,D06,ok,8.32099910004763
A,var_regimen__d63__i0.50,8,D06,ok,9.105436899990307
A,var_regimen__d63__i0.50,9,D06,ok,9.415536399988923
A,var_regimen__d252__i1.00,1,D06,ok,7.388799800013658
A,var_regimen__d63__i0.50,10,D06,ok,10.883537199988496
A,var_regimen__d252__i1.00,2,D06,ok,6.68211729999166
A,var_regimen__d252__i1.00,4,D06,ok,6.796089700015727
A,var_regimen__d252__i1.00,3,D06,ok,9.77424360002624
A,var_regimen__d252__i1.00,0,D06,ok,11.790058200014755
A,var_regimen__d252__i1.00,5,D06,ok,7.552684399997815
A,var_regimen__d252__i1.00,6,D06,ok,8.52847959997598
A,var_regimen__d252__i1.00,7,D06,ok,10.130681000009645
A,var_regimen__d252__i1.00,8,D06,ok,8.600391399988439
A,var_regimen__d252__i1.00,9,D06,ok,8.906345799972769
A,var_regimen__d252__i0.50,3,D06,ok,8.24308609997388
A,var_regimen__d252__i0.50,0,D06,ok,10.724081699969249
A,var_regimen__d252__i0.50,4,D06,ok,10.74044900003355
A,var_regimen__d252__i1.00,10,D06,ok,13.994304099993316
A,var_regimen__d252__i0.50,2,D06,ok,11.887941000051796
A,var_regimen__d252__i0.50,5,D06,ok,10.416477999999188
A,var_regimen__d252__i0.50,7,D06,ok,8.6623456000234
A,var_regimen__d252__i0.50,1,D06,ok,14.655301499995405
A,var_regimen__d252__i0.50,6,D06,ok,9.4301901999861
A,var_regimen__d252__i0.50,9,D06,ok,9.680140100012068
A,garch_regimen__d21__i1.00,2,D06,ok,6.763739799964242
A,garch_regimen__d21__i1.00,0,D06,ok,7.6361813000403345
A,garch_regimen__d21__i1.00,1,D06,ok,7.83302190003451
A,var_regimen__d252__i0.50,10,D06,ok,11.99804849998327
A,garch_regimen__d21__i1.00,3,D06,ok,6.856971699977294
A,garch_regimen__d21__i1.00,6,D06,ok,7.248710500018205
A,garch_regimen__d21__i1.00,5,D06,ok,7.901914499991108
A,var_regimen__d252__i0.50,8,D06,ok,16.67012830002932
A,garch_regimen__d21__i1.00,4,D06,ok,8.551676699949894
A,garch_regimen__d21__i1.00,7,D06,ok,7.052724000008311
A,garch_regimen__d21__i1.00,8,D06,ok,7.400789199979044
A,garch_regimen__d21__i1.00,9,D06,ok,7.26529940002365
A,garch_regimen__d21__i1.00,10,D06,ok,8.035570399952121
A,garch_regimen__d21__i0.50,0,D06,ok,7.614713899965864
A,garch_regimen__d21__i0.50,2,D06,ok,6.667316099978052
A,garch_regimen__d21__i0.50,1,D06,ok,7.851786500017624
A,garch_regimen__d21__i0.50,3,D06,ok,6.904538300004788
A,garch_regimen__d21__i0.50,5,D06,ok,8.025602899957448
A,garch_regimen__d21__i0.50,4,D06,ok,8.589401399949566
A,garch_regimen__d21__i0.50,6,D06,ok,7.340219100005925
A,garch_regimen__d21__i0.50,7,D06,ok,7.019274299964309
A,garch_regimen__d21__i0.50,8,D06,ok,7.376385399955325
A,garch_regimen__d21__i0.50,9,D06,ok,7.105048500001431
A,garch_regimen__d21__i0.50,10,D06,ok,7.928568999981508
A,garch_regimen__d63__i1.00,0,D06,ok,7.418980500020552
A,garch_regimen__d63__i1.00,1,D06,ok,8.073550800036173
A,garch_regimen__d63__i1.00,2,D06,ok,7.653874800016638
A,garch_regimen__d63__i1.00,4,D06,ok,7.37522230000468
A,garch_regimen__d63__i1.00,3,D06,ok,7.937612999987323
A,garch_regimen__d63__i1.00,5,D06,ok,7.618004199990537
A,garch_regimen__d63__i1.00,6,D06,ok,7.796813199995086
A,garch_regimen__d63__i1.00,7,D06,ok,7.303721900039818
A,garch_regimen__d63__i1.00,8,D06,ok,8.216616600053385
A,garch_regimen__d63__i1.00,10,D06,ok,7.566566299996339
A,garch_regimen__d63__i1.00,9,D06,ok,8.030232000048272
A,garch_regimen__d63__i0.50,0,D06,ok,7.375605800014455
A,garch_regimen__d63__i0.50,1,D06,ok,8.360126500017941
A,garch_regimen__d63__i0.50,2,D06,ok,7.751613000000361
A,garch_regimen__d63__i0.50,3,D06,ok,7.987277899985202
A,garch_regimen__d63__i0.50,4,D06,ok,7.423806299979333
A,garch_regimen__d63__i0.50,5,D06,ok,7.136607600026764
A,garch_regimen__d63__i0.50,6,D06,ok,7.602095700043719
A,garch_regimen__d63__i0.50,7,D06,ok,6.964107299980242
A,garch_regimen__d63__i0.50,8,D06,ok,7.7239104000036605
A,garch_regimen__d63__i0.50,10,D06,ok,7.274302000005264
A,garch_regimen__d63__i0.50,9,D06,ok,7.686909199983347
A,garch_regimen__d252__i1.00,0,D06,ok,7.995428599999286
A,garch_regimen__d252__i1.00,2,D06,ok,7.487085800035857
A,garch_regimen__d252__i1.00,3,D06,ok,7.401100200018845
A,garch_regimen__d252__i1.00,1,D06,ok,8.370558499998879
A,garch_regimen__d252__i1.00,4,D06,ok,7.931441399967298
A,garch_regimen__d252__i1.00,5,D06,ok,7.89851109997835
A,garch_regimen__d252__i1.00,6,D06,ok,7.806810699985363
A,garch_regimen__d252__i1.00,7,D06,ok,8.162579099996947
A,garch_regimen__d252__i1.00,8,D06,ok,8.004064899985678
A,garch_regimen__d252__i1.00,9,D06,ok,8.545060999982525
A,garch_regimen__d252__i0.50,2,D06,ok,7.721731300000101
A,garch_regimen__d252__i1.00,10,D06,ok,9.24265369999921
A,garch_regimen__d252__i0.50,0,D06,ok,8.211213999951724
A,garch_regimen__d252__i0.50,1,D06,ok,8.252253899991047
A,garch_regimen__d252__i0.50,3,D06,ok,7.273676700016949
A,garch_regimen__d252__i0.50,4,D06,ok,7.678804200026207
A,gaussiano_regimen__d21__i1.00,0,D07,ok,2.6650876000057906
A,gaussiano_regimen__d21__i1.00,1,D07,ok,2.7626990000135265
A,garch_regimen__d252__i0.50,5,D06,ok,8.358305000001565
A,gaussiano_regimen__d21__i1.00,2,D07,ok,2.6915612000157125
A,gaussiano_regimen__d21__i1.00,3,D07,ok,2.728665400005412
A,garch_regimen__d252__i0.50,7,D06,ok,7.474318100023083
A,garch_regimen__d252__i0.50,6,D06,ok,7.750818999949843
A,garch_regimen__d252__i0.50,8,D06,ok,7.870295400032774
A,gaussiano_regimen__d21__i1.00,4,D07,ok,2.806923199968878
A,gaussiano_regimen__d21__i1.00,5,D07,ok,2.788102100021206
A,gaussiano_regimen__d21__i1.00,7,D07,ok,2.732910999970045
A,gaussiano_regimen__d21__i1.00,6,D07,ok,2.9117240000050515
A,gaussiano_regimen__d21__i1.00,8,D07,ok,2.7618211999651976
A,gaussiano_regimen__d21__i1.00,9,D07,ok,2.754029900010209
A,gaussiano_regimen__d21__i1.00,10,D07,ok,2.80870120000327
A,garch_regimen__d252__i0.50,9,D06,ok,8.183446300041396
A,gaussiano_regimen__d21__i0.50,0,D07,ok,2.800876299967058
A,gaussiano_regimen__d21__i0.50,1,D07,ok,2.7449693999951705
A,gaussiano_regimen__d21__i0.50,2,D07,ok,2.8030708999722265
A,gaussiano_regimen__d21__i0.50,3,D07,ok,2.7630433999584056
A,garch_regimen__d252__i0.50,10,D06,ok,8.800502400030382
A,gaussiano_regimen__d21__i0.50,4,D07,ok,2.767319399979897
A,gaussiano_regimen__d21__i0.50,5,D07,ok,2.7702328999876045
A,gaussiano_regimen__d21__i0.50,6,D07,ok,2.850359199976083
A,gaussiano_regimen__d21__i0.50,7,D07,ok,2.806819599994924
A,gaussiano_regimen__d21__i0.50,9,D07,ok,2.7960411999956705
A,gaussiano_regimen__d21__i0.50,8,D07,ok,2.9128424000227824
A,gaussiano_regimen__d21__i0.50,10,D07,ok,2.7664291000110097
A,gaussiano_regimen__d63__i1.00,0,D07,ok,2.722092999960296
A,gaussiano_regimen__d63__i1.00,2,D07,ok,2.773996200005058
A,gaussiano_regimen__d63__i1.00,1,D07,ok,2.8516301999916323
A,gaussiano_regimen__d63__i1.00,3,D07,ok,2.798430999973789
A,gaussiano_regimen__d63__i1.00,4,D07,ok,2.801265299960505
A,gaussiano_regimen__d63__i1.00,5,D07,ok,2.867705399985425
A,gaussiano_regimen__d63__i1.00,6,D07,ok,2.874886599951424
A,gaussiano_regimen__d63__i1.00,7,D07,ok,2.846876900002826
A,gaussiano_regimen__d63__i1.00,9,D07,ok,2.832083899993449
A,gaussiano_regimen__d63__i1.00,8,D07,ok,2.889573799970094
A,gaussiano_regimen__d63__i1.00,10,D07,ok,2.8670551999821328
A,gaussiano_regimen__d63__i0.50,0,D07,ok,2.8838097999687307
A,gaussiano_regimen__d63__i0.50,1,D07,ok,2.8757150000310503
A,gaussiano_regimen__d63__i0.50,2,D07,ok,2.8859776000026613
A,gaussiano_regimen__d63__i0.50,3,D07,ok,2.879195699992124
A,gaussiano_regimen__d63__i0.50,4,D07,ok,2.7481523000169545
A,gaussiano_regimen__d63__i0.50,5,D07,ok,2.8774953999673016
A,gaussiano_regimen__d63__i0.50,7,D07,ok,2.650692099996377
A,gaussiano_regimen__d63__i0.50,6,D07,ok,2.8463907000259496
A,gaussiano_regimen__d63__i0.50,8,D07,ok,2.958734199986793
A,gaussiano_regimen__d63__i0.50,9,D07,ok,2.889721699990332
A,gaussiano_regimen__d63__i0.50,10,D07,ok,2.7727141000214037
A,gaussiano_regimen__d252__i1.00,0,D07,ok,2.909503099974245
A,gaussiano_regimen__d252__i1.00,1,D07,ok,2.8924758000066504
A,gaussiano_regimen__d252__i1.00,2,D07,ok,2.866782800003421
A,gaussiano_regimen__d252__i1.00,3,D07,ok,2.986619699979201
A,gaussiano_regimen__d252__i1.00,4,D07,ok,2.8511745000141677
A,gaussiano_regimen__d252__i1.00,5,D07,ok,2.8767185999895446
A,gaussiano_regimen__d252__i1.00,6,D07,ok,2.834341100009624
A,gaussiano_regimen__d252__i1.00,7,D07,ok,2.925049900019076
A,gaussiano_regimen__d252__i1.00,9,D07,ok,2.858677299984265
A,gaussiano_regimen__d252__i1.00,8,D07,ok,2.932854100014083
A,gaussiano_regimen__d252__i1.00,10,D07,ok,2.8809331999509595
A,gaussiano_regimen__d252__i0.50,0,D07,ok,2.8460855000303127
A,gaussiano_regimen__d252__i0.50,1,D07,ok,2.8636538999853656
A,gaussiano_regimen__d252__i0.50,2,D07,ok,2.715371900005266
A,gaussiano_regimen__d252__i0.50,3,D07,ok,2.864352999953553
A,gaussiano_regimen__d252__i0.50,4,D07,ok,2.8253524000174366
A,gaussiano_regimen__d252__i0.50,5,D07,ok,2.750516499974765
A,gaussiano_regimen__d252__i0.50,6,D07,ok,2.783740199985914
A,gaussiano_regimen__d252__i0.50,7,D07,ok,2.776415900036227
A,gaussiano_regimen__d252__i0.50,8,D07,ok,2.769071399990935
A,gaussiano_regimen__d252__i0.50,9,D07,ok,2.721239000034984
A,gaussiano_regimen__d252__i0.50,10,D07,ok,2.72774770000251
A,var_regimen__d21__i1.00,0,D07,ok,2.778375099995173
A,var_regimen__d21__i1.00,1,D07,ok,2.6601365999667905
A,var_regimen__d21__i1.00,2,D07,ok,2.7602419999893755
A,var_regimen__d21__i1.00,3,D07,ok,2.781972200027667
A,var_regimen__d21__i1.00,4,D07,ok,2.8644085999694653
A,var_regimen__d21__i1.00,5,D07,ok,2.792802499956452
A,var_regimen__d21__i1.00,6,D07,ok,2.7768538999953307
A,var_regimen__d21__i1.00,9,D07,ok,2.740028199972585
A,var_regimen__d21__i1.00,8,D07,ok,2.7322435000096448
A,var_regimen__d21__i1.00,7,D07,ok,2.752271600009408
A,var_regimen__d21__i1.00,10,D07,ok,2.7195722999749705
A,var_regimen__d21__i0.50,0,D07,ok,2.6665326000074856
A,var_regimen__d21__i0.50,1,D07,ok,2.669387399975676
A,var_regimen__d21__i0.50,2,D07,ok,2.722240699979011
A,var_regimen__d21__i0.50,3,D07,ok,2.671837500005495
A,var_regimen__d21__i0.50,4,D07,ok,2.6895616000401787
A,var_regimen__d21__i0.50,5,D07,ok,2.7176899000187404
A,var_regimen__d21__i0.50,7,D07,ok,2.7227027000044477
A,var_regimen__d21__i0.50,6,D07,ok,2.7727514000143856
A,var_regimen__d21__i0.50,8,D07,ok,2.708348100015428
A,var_regimen__d21__i0.50,9,D07,ok,2.7121316000120714
A,var_regimen__d21__i0.50,10,D07,ok,2.686878099979367
A,var_regimen__d63__i1.00,0,D07,ok,2.791709399956744
A,var_regimen__d63__i1.00,1,D07,ok,2.71556669997517
A,var_regimen__d63__i1.00,2,D07,ok,2.808445400034543
A,var_regimen__d63__i1.00,3,D07,ok,2.821807499974966
A,var_regimen__d63__i1.00,4,D07,ok,2.709471100009978
A,var_regimen__d63__i1.00,5,D07,ok,2.675624000024982
A,var_regimen__d63__i1.00,6,D07,ok,2.7150671999552287
A,var_regimen__d63__i1.00,7,D07,ok,2.7827768999850377
A,var_regimen__d63__i1.00,9,D07,ok,2.74448430002667
A,var_regimen__d63__i1.00,8,D07,ok,2.7811822000076063
A,var_regimen__d63__i1.00,10,D07,ok,2.7548420000239275
A,var_regimen__d63__i0.50,0,D07,ok,2.7233281999942847
A,var_regimen__d63__i0.50,1,D07,ok,2.8233210999751464
A,var_regimen__d63__i0.50,2,D07,ok,2.813609800010454
A,var_regimen__d63__i0.50,3,D07,ok,2.779272800020408
A,var_regimen__d63__i0.50,4,D07,ok,2.739793699991424
A,var_regimen__d63__i0.50,5,D07,ok,2.7327492000185885
A,var_regimen__d63__i0.50,6,D07,ok,2.774474599980749
A,var_regimen__d63__i0.50,7,D07,ok,2.649968400015496
A,var_regimen__d63__i0.50,8,D07,ok,2.6672019999823533
A,var_regimen__d63__i0.50,9,D07,ok,2.666077900037635
A,var_regimen__d63__i0.50,10,D07,ok,2.660358000022825
A,var_regimen__d252__i1.00,0,D07,ok,2.650587300013285
A,var_regimen__d252__i1.00,1,D07,ok,2.637720900005661
A,var_regimen__d252__i1.00,2,D07,ok,2.521186400030274
A,var_regimen__d252__i1.00,3,D07,ok,2.6452131000114605
A,var_regimen__d252__i1.00,4,D07,ok,2.577236799988896
A,var_regimen__d252__i1.00,5,D07,ok,2.5781734000192955
A,var_regimen__d252__i1.00,6,D07,ok,2.585962200013455
A,var_regimen__d252__i1.00,7,D07,ok,2.609569900028873
A,var_regimen__d252__i1.00,8,D07,ok,2.587829999974929
A,var_regimen__d252__i1.00,9,D07,ok,2.597488999948837
A,var_regimen__d252__i1.00,10,D07,ok,2.610613299999386
A,var_regimen__d252__i0.50,0,D07,ok,2.5834487000247464
A,var_regimen__d252__i0.50,1,D07,ok,2.595763299963437
A,var_regimen__d252__i0.50,3,D07,ok,2.5950332000502385
A,var_regimen__d252__i0.50,2,D07,ok,2.61482730001444
A,var_regimen__d252__i0.50,4,D07,ok,2.603645500028506
A,var_regimen__d252__i0.50,5,D07,ok,2.681957399996463
A,var_regimen__d252__i0.50,6,D07,ok,2.7409339000005275
A,var_regimen__d252__i0.50,7,D07,ok,2.688296799955424
A,var_regimen__d252__i0.50,8,D07,ok,2.683095099986531
A,var_regimen__d252__i0.50,9,D07,ok,2.656476699979976
A,var_regimen__d252__i0.50,10,D07,ok,2.759342600009404
A,garch_regimen__d21__i1.00,0,D07,ok,2.7924056999618188
A,garch_regimen__d21__i1.00,1,D07,ok,2.7337773000472225
A,garch_regimen__d21__i1.00,2,D07,ok,2.7760067000053823
A,garch_regimen__d21__i1.00,3,D07,ok,2.8014409000170417
A,garch_regimen__d21__i1.00,4,D07,ok,2.7465856000198983
A,garch_regimen__d21__i1.00,5,D07,ok,2.738683600036893
A,garch_regimen__d21__i1.00,6,D07,ok,2.7254890000331216
A,garch_regimen__d21__i1.00,7,D07,ok,3.0145030000130646
A,garch_regimen__d21__i1.00,8,D07,ok,2.796092199976556
A,garch_regimen__d21__i1.00,9,D07,ok,2.78930709999986
A,garch_regimen__d21__i0.50,0,D07,ok,2.6370485000079498
A,garch_regimen__d21__i1.00,10,D07,ok,2.681194400007371
A,garch_regimen__d21__i0.50,1,D07,ok,2.666415199986659
A,garch_regimen__d21__i0.50,2,D07,ok,2.728621899965219
A,garch_regimen__d21__i0.50,3,D07,ok,2.801006200024858
A,garch_regimen__d21__i0.50,4,D07,ok,2.842216699966229
A,garch_regimen__d21__i0.50,5,D07,ok,2.772687799995765
A,garch_regimen__d21__i0.50,6,D07,ok,2.780615299998317
A,garch_regimen__d21__i0.50,7,D07,ok,2.819637100037653
A,garch_regimen__d21__i0.50,8,D07,ok,2.758107799978461
A,garch_regimen__d21__i0.50,9,D07,ok,2.7802779999910854
A,garch_regimen__d63__i1.00,0,D07,ok,2.7206205000402406
A,garch_regimen__d21__i0.50,10,D07,ok,2.805193600011989
A,garch_regimen__d63__i1.00,1,D07,ok,2.802322599978652
A,garch_regimen__d63__i1.00,2,D07,ok,2.809816699998919
A,garch_regimen__d63__i1.00,3,D07,ok,2.7694876000168733
A,garch_regimen__d63__i1.00,4,D07,ok,2.7854362000362016
A,garch_regimen__d63__i1.00,5,D07,ok,2.7278930000029504
A,garch_regimen__d63__i1.00,6,D07,ok,2.683039099967573
A,garch_regimen__d63__i1.00,7,D07,ok,2.9243505999911577
A,garch_regimen__d63__i1.00,8,D07,ok,2.640215699968394
A,garch_regimen__d63__i1.00,9,D07,ok,2.6722422000020742
A,garch_regimen__d63__i1.00,10,D07,ok,2.635181699995883
A,garch_regimen__d63__i0.50,0,D07,ok,2.603972199955024
A,garch_regimen__d63__i0.50,1,D07,ok,2.5694666000199504
A,garch_regimen__d63__i0.50,2,D07,ok,2.620969000039622
A,garch_regimen__d63__i0.50,3,D07,ok,2.5831404000055045
A,garch_regimen__d63__i0.50,4,D07,ok,2.5639541000127792
A,garch_regimen__d63__i0.50,5,D07,ok,2.609244799998123
A,garch_regimen__d63__i0.50,6,D07,ok,2.635075300000608
A,garch_regimen__d63__i0.50,7,D07,ok,2.630332699976861
A,garch_regimen__d63__i0.50,9,D07,ok,2.589246899995487
A,garch_regimen__d63__i0.50,8,D07,ok,2.606833199970424
A,garch_regimen__d63__i0.50,10,D07,ok,2.653473899990786
A,garch_regimen__d252__i1.00,0,D07,ok,2.8088256000191905
A,garch_regimen__d252__i1.00,1,D07,ok,2.8550613000406884
A,garch_regimen__d252__i1.00,2,D07,ok,2.856844199995976
A,garch_regimen__d252__i1.00,3,D07,ok,2.730469300004188
A,garch_regimen__d252__i1.00,4,D07,ok,2.8180558999883942
A,garch_regimen__d252__i1.00,5,D07,ok,2.750028700043913
A,garch_regimen__d252__i1.00,7,D07,ok,2.7518935999833047
A,garch_regimen__d252__i1.00,8,D07,ok,2.7551025000284426
A,garch_regimen__d252__i1.00,6,D07,ok,2.826598700019531
A,garch_regimen__d252__i1.00,9,D07,ok,2.748534000013024
A,garch_regimen__d252__i1.00,10,D07,ok,2.579510899959132
A,garch_regimen__d252__i0.50,0,D07,ok,2.759636299975682
A,garch_regimen__d252__i0.50,1,D07,ok,2.6693985000019893
A,garch_regimen__d252__i0.50,2,D07,ok,2.660643200040795
A,garch_regimen__d252__i0.50,3,D07,ok,2.5942271999665536
A,garch_regimen__d252__i0.50,4,D07,ok,2.649401600006968
A,garch_regimen__d252__i0.50,6,D07,ok,2.6174298000405543
A,garch_regimen__d252__i0.50,5,D07,ok,2.6661446999642067
A,garch_regimen__d252__i0.50,7,D07,ok,2.614952999982052
A,garch_regimen__d252__i0.50,8,D07,ok,2.697745500016026
A,garch_regimen__d252__i0.50,9,D07,ok,2.7679385999799706
A,garch_regimen__d252__i0.50,10,D07,ok,2.6254086999688298
A,gaussiano_regimen__d21__i1.00,1,D09,ok,99.15696309995838
A,gaussiano_regimen__d21__i1.00,2,D09,ok,109.958500299952
A,gaussiano_regimen__d21__i1.00,5,D09,ok,110.7021531999926
A,gaussiano_regimen__d21__i1.00,0,D09,ok,112.25549389998196
A,gaussiano_regimen__d21__i1.00,6,D09,ok,112.58871740003816
A,gaussiano_regimen__d21__i1.00,9,D09,ok,113.26448499999242
A,gaussiano_regimen__d21__i1.00,3,D09,ok,120.24703089997638
A,gaussiano_regimen__d21__i1.00,7,D09,ok,122.54926939995494
A,gaussiano_regimen__d21__i1.00,4,D09,ok,135.74116899998626
A,gaussiano_regimen__d21__i1.00,8,D09,ok,140.00129789998755
A,gaussiano_regimen__d21__i0.50,1,D09,ok,92.98697550001089
A,gaussiano_regimen__d21__i1.00,10,D09,ok,115.7393166999682
A,gaussiano_regimen__d21__i0.50,2,D09,ok,106.15460150002036
A,gaussiano_regimen__d21__i0.50,0,D09,ok,110.06025290000252
A,gaussiano_regimen__d21__i0.50,5,D09,ok,111.03970710001886
A,gaussiano_regimen__d21__i0.50,3,D09,ok,120.64162449998548
A,gaussiano_regimen__d21__i0.50,6,D09,ok,115.85658890003106
A,gaussiano_regimen__d21__i0.50,4,D09,ok,127.5199297000072
A,gaussiano_regimen__d21__i0.50,7,D09,ok,128.9151106000063
A,gaussiano_regimen__d21__i0.50,8,D09,ok,129.36106770002516
A,gaussiano_regimen__d21__i0.50,9,D09,ok,105.40989950002404
A,gaussiano_regimen__d63__i1.00,1,D09,ok,98.1960130999796
A,gaussiano_regimen__d21__i0.50,10,D09,ok,119.88266880001174
A,gaussiano_regimen__d63__i1.00,0,D09,ok,127.79334970004857
A,gaussiano_regimen__d63__i1.00,2,D09,ok,118.345149700006
A,gaussiano_regimen__d63__i1.00,4,D09,ok,116.38797679997516
A,gaussiano_regimen__d63__i1.00,3,D09,ok,125.95086390001234
A,gaussiano_regimen__d63__i1.00,5,D09,ok,118.60906580003213
A,gaussiano_regimen__d63__i1.00,6,D09,ok,114.050713500008
A,gaussiano_regimen__d63__i1.00,7,D09,ok,115.25417510000987
A,gaussiano_regimen__d63__i1.00,8,D09,ok,120.22158849996048
A,gaussiano_regimen__d63__i1.00,9,D09,ok,126.74817629996689
A,gaussiano_regimen__d63__i0.50,2,D09,ok,98.93851870001528
A,gaussiano_regimen__d63__i0.50,1,D09,ok,106.97905620001256
A,gaussiano_regimen__d63__i1.00,10,D09,ok,125.2034999000025
A,gaussiano_regimen__d63__i0.50,3,D09,ok,104.67439010000088
A,gaussiano_regimen__d63__i0.50,4,D09,ok,110.45912439998938
A,gaussiano_regimen__d63__i0.50,0,D09,ok,131.37154830002692
A,gaussiano_regimen__d63__i0.50,5,D09,ok,115.77551760000642
A,gaussiano_regimen__d63__i0.50,6,D09,ok,109.88266369997292
A,gaussiano_regimen__d63__i0.50,7,D09,ok,115.64434180001264
A,gaussiano_regimen__d63__i0.50,8,D09,ok,106.23594269994646
A,gaussiano_regimen__d63__i0.50,9,D09,ok,130.7360319000436
A,gaussiano_regimen__d63__i0.50,10,D09,ok,128.76868890004698
A,gaussiano_regimen__d252__i1.00,1,D09,ok,126.16876739996952
A,gaussiano_regimen__d252__i1.00,2,D09,ok,130.05537010001717
A,gaussiano_regimen__d252__i1.00,5,D09,ok,113.9803316000034
A,gaussiano_regimen__d252__i1.00,0,D09,ok,150.5070453000371
A,gaussiano_regimen__d252__i1.00,4,D09,ok,119.07637389999582
A,gaussiano_regimen__d252__i1.00,3,D09,ok,144.43425280001247
A,gaussiano_regimen__d252__i1.00,6,D09,ok,112.89516139996704
A,gaussiano_regimen__d252__i1.00,7,D09,ok,133.12768829998095
A,gaussiano_regimen__d252__i1.00,8,D09,ok,116.77258330001496
A,gaussiano_regimen__d252__i1.00,10,D09,ok,123.2213848999818
A,gaussiano_regimen__d252__i0.50,0,D09,ok,125.3292532999767
A,gaussiano_regimen__d252__i0.50,4,D09,ok,109.39007800002582
A,gaussiano_regimen__d252__i0.50,2,D09,ok,119.942344399984
A,gaussiano_regimen__d252__i0.50,1,D09,ok,126.19344260002254
A,gaussiano_regimen__d252__i0.50,3,D09,ok,126.45949600002496
A,gaussiano_regimen__d252__i1.00,9,D09,ok,155.64523670001654
A,gaussiano_regimen__d252__i0.50,5,D09,ok,107.04469089995835
A,gaussiano_regimen__d252__i0.50,6,D09,ok,121.18506930000147
A,gaussiano_regimen__d252__i0.50,7,D09,ok,125.22403049998684
A,gaussiano_regimen__d252__i0.50,8,D09,ok,117.77914439997404
A,var_regimen__d21__i1.00,0,D09,ok,117.69163319998188
A,gaussiano_regimen__d252__i0.50,10,D09,ok,120.8650596999796
A,gaussiano_regimen__d252__i0.50,9,D09,ok,124.81857110001148
A,var_regimen__d21__i1.00,2,D09,ok,119.37401930004124
A,var_regimen__d21__i1.00,3,D09,ok,134.5608047999558
A,var_regimen__d21__i1.00,1,D09,ok,151.0601791999652
A,var_regimen__d21__i1.00,4,D09,ok,144.45767319999868
A,var_regimen__d21__i1.00,5,D09,ok,119.10866229998646
A,var_regimen__d21__i1.00,6,D09,ok,146.2552498999867
A,var_regimen__d21__i0.50,0,D09,ok,114.22230160003528
A,var_regimen__d21__i1.00,9,D09,ok,128.61461569997482
A,var_regimen__d21__i1.00,10,D09,ok,137.20799309998984
A,var_regimen__d21__i1.00,7,D09,ok,161.33499579998897
A,var_regimen__d21__i0.50,2,D09,ok,115.62186590000056
A,var_regimen__d21__i1.00,8,D09,ok,168.61102090001805
A,var_regimen__d21__i0.50,1,D09,ok,146.43780150002567
A,var_regimen__d21__i0.50,3,D09,ok,138.7766536999843
A,var_regimen__d21__i0.50,4,D09,ok,139.91375760000665
A,var_regimen__d21__i0.50,5,D09,ok,116.76468729996122
A,var_regimen__d21__i0.50,6,D09,ok,143.12033869995503
A,var_regimen__d21__i0.50,9,D09,ok,133.04233220004244
A,var_regimen__d21__i0.50,7,D09,ok,150.91850989998784
A,var_regimen__d21__i0.50,10,D09,ok,140.8292216999689
A,var_regimen__d63__i1.00,0,D09,ok,133.3466441000346
A,var_regimen__d63__i1.00,1,D09,ok,134.6280354000046
A,var_regimen__d21__i0.50,8,D09,ok,172.41413170000305
A,var_regimen__d63__i1.00,2,D09,ok,131.96000620000996
A,var_regimen__d63__i1.00,3,D09,ok,129.13438640005188
A,var_regimen__d63__i1.00,4,D09,ok,128.02222829998937
A,var_regimen__d63__i1.00,5,D09,ok,129.29731290001655
A,var_regimen__d63__i1.00,8,D09,ok,112.8232629999984
A,var_regimen__d63__i1.00,7,D09,ok,144.11027339997236
A,var_regimen__d63__i1.00,9,D09,ok,124.3305603999761
A,var_regimen__d63__i0.50,0,D09,ok,122.13242299994454
A,var_regimen__d63__i1.00,6,D09,ok,160.61996809998527
A,var_regimen__d63__i1.00,10,D09,ok,157.61423220002325
A,var_regimen__d63__i0.50,1,D09,ok,142.73310910002328
A,var_regimen__d63__i0.50,2,D09,ok,139.91196870000567
A,var_regimen__d63__i0.50,3,D09,ok,142.3555336999707
A,var_regimen__d63__i0.50,4,D09,ok,129.5376011999906
A,var_regimen__d63__i0.50,5,D09,ok,132.76888450002298
A,var_regimen__d63__i0.50,9,D09,ok,122.16546960000414
A,var_regimen__d63__i0.50,8,D09,ok,130.93716249999125
A,var_regimen__d63__i0.50,7,D09,ok,146.87909699999727
A,var_regimen__d63__i0.50,6,D09,ok,149.39848420000635
A,var_regimen__d252__i1.00,0,D09,ok,134.6726922999951
A,var_regimen__d252__i1.00,1,D09,ok,127.1354377999669
A,var_regimen__d63__i0.50,10,D09,ok,161.11210229998687
A,var_regimen__d252__i1.00,2,D09,ok,120.10614470002474
A,var_regimen__d252__i1.00,3,D09,ok,134.2797330999747
A,var_regimen__d252__i1.00,5,D09,ok,118.00000369996997
A,var_regimen__d252__i1.00,4,D09,ok,143.88680999999633
A,var_regimen__d252__i1.00,6,D09,ok,130.69821560004493
A,var_regimen__d252__i1.00,7,D09,ok,128.5128630999825
A,var_regimen__d252__i1.00,8,D09,ok,148.98307029996067
A,var_regimen__d252__i0.50,0,D09,ok,119.11269720003476
A,var_regimen__d252__i1.00,10,D09,ok,140.8251675000065
A,var_regimen__d252__i1.00,9,D09,ok,150.1550599000184
A,var_regimen__d252__i0.50,1,D09,ok,127.51688739995006
A,var_regimen__d252__i0.50,2,D09,ok,120.18886080000084
A,var_regimen__d252__i0.50,4,D09,ok,125.56941639998696
A,var_regimen__d252__i0.50,3,D09,ok,132.20411609997973
A,var_regimen__d252__i0.50,5,D09,ok,117.07423829997424
A,var_regimen__d252__i0.50,6,D09,ok,119.96958350000205
A,var_regimen__d252__i0.50,7,D09,ok,129.53812629997265
A,garch_regimen__d21__i1.00,0,D09,ok,126.32460069999796
A,var_regimen__d252__i0.50,8,D09,ok,146.34313509997446
A,var_regimen__d252__i0.50,9,D09,ok,142.58273749996442
A,var_regimen__d252__i0.50,10,D09,ok,137.29182729998138
A,garch_regimen__d21__i1.00,1,D09,ok,132.8389663999551
A,garch_regimen__d21__i1.00,2,D09,ok,124.075488100003
A,garch_regimen__d21__i1.00,5,D09,ok,116.396231599967
A,garch_regimen__d21__i1.00,3,D09,ok,132.8995187000255
A,garch_regimen__d21__i1.00,4,D09,ok,154.5435712999897
A,garch_regimen__d21__i1.00,6,D09,ok,135.73109080002178
A,garch_regimen__d21__i1.00,7,D09,ok,127.61770220001928
A,garch_regimen__d21__i1.00,8,D09,ok,133.54963729996234
A,garch_regimen__d21__i1.00,9,D09,ok,135.2823834999581
A,garch_regimen__d21__i1.00,10,D09,ok,143.3253405999858
A,garch_regimen__d21__i0.50,0,D09,ok,128.09112559998175
A,garch_regimen__d21__i0.50,2,D09,ok,128.1169121999992
A,garch_regimen__d21__i0.50,1,D09,ok,134.77511410001898
A,garch_regimen__d21__i0.50,3,D09,ok,145.9631376999896
A,garch_regimen__d21__i0.50,5,D09,ok,115.04262389999349
A,garch_regimen__d21__i0.50,4,D09,ok,152.53682470001513
A,garch_regimen__d21__i0.50,7,D09,ok,117.07267339999088
A,garch_regimen__d21__i0.50,6,D09,ok,137.80086459999438
A,garch_regimen__d21__i0.50,8,D09,ok,130.6304395000334
A,garch_regimen__d21__i0.50,9,D09,ok,131.0108965000254
A,garch_regimen__d21__i0.50,10,D09,ok,134.6409905999899
A,garch_regimen__d63__i1.00,1,D09,ok,120.9890581999789
A,garch_regimen__d63__i1.00,2,D09,ok,118.02518590004183
A,garch_regimen__d63__i1.00,0,D09,ok,148.89918609999586
A,garch_regimen__d63__i1.00,3,D09,ok,129.9400241000112
A,garch_regimen__d63__i1.00,4,D09,ok,150.59584820002783
A,garch_regimen__d63__i1.00,5,D09,ok,137.07591230003163
A,garch_regimen__d63__i1.00,7,D09,ok,118.56117520004044
A,garch_regimen__d63__i1.00,8,D09,ok,114.89844489999814
A,garch_regimen__d63__i1.00,6,D09,ok,142.06586249999236
A,garch_regimen__d63__i1.00,10,D09,ok,130.77458069997374
A,garch_regimen__d63__i1.00,9,D09,ok,150.20095819997368
A,garch_regimen__d63__i0.50,1,D09,ok,127.76110960001824
A,garch_regimen__d63__i0.50,0,D09,ok,138.26039040001342
A,garch_regimen__d63__i0.50,2,D09,ok,115.1537635999848
A,garch_regimen__d63__i0.50,3,D09,ok,123.58112589997472
A,garch_regimen__d63__i0.50,7,D09,ok,117.33291230001488
A,garch_regimen__d63__i0.50,5,D09,ok,133.8890425999998
A,garch_regimen__d63__i0.50,4,D09,ok,138.4762854000437
A,garch_regimen__d63__i0.50,6,D09,ok,133.29150170000503
A,garch_regimen__d63__i0.50,8,D09,ok,114.27802169998176
A,garch_regimen__d63__i0.50,10,D09,ok,132.37627790000988
A,garch_regimen__d63__i0.50,9,D09,ok,150.23922180000227
A,garch_regimen__d252__i1.00,0,D09,ok,131.73621329996968
A,garch_regimen__d252__i1.00,1,D09,ok,138.47290470002918
A,garch_regimen__d252__i1.00,2,D09,ok,130.37767459999304
A,garch_regimen__d252__i1.00,3,D09,ok,129.67236030002823
A,garch_regimen__d252__i1.00,6,D09,ok,127.65023029997246
A,garch_regimen__d252__i1.00,4,D09,ok,134.11551490001148
A,garch_regimen__d252__i1.00,7,D09,ok,135.5830681999796
A,garch_regimen__d252__i1.00,5,D09,ok,166.09563499997603
A,garch_regimen__d252__i1.00,9,D09,ok,129.41170850000344
A,garch_regimen__d252__i1.00,10,D09,ok,135.3234880999662
A,garch_regimen__d252__i0.50,0,D09,ok,128.85971359995892
A,garch_regimen__d252__i1.00,8,D09,ok,149.09137420001207
A,garch_regimen__d252__i0.50,4,D09,ok,123.16135499998929
A,garch_regimen__d252__i0.50,3,D09,ok,132.94854329997906
A,garch_regimen__d252__i0.50,2,D09,ok,140.76615709997714
A,garch_regimen__d252__i0.50,1,D09,ok,156.04242710000835
A,garch_regimen__d252__i0.50,6,D09,ok,127.69024979998358
A,garch_regimen__d252__i0.50,5,D09,ok,147.72376760002226
A,garch_regimen__d252__i0.50,7,D09,ok,130.9127129999688
A,garch_regimen__d252__i0.50,8,D09,ok,126.65653700003168
A,garch_regimen__d252__i0.50,9,D09,ok,122.638861000014
A,garch_regimen__d252__i0.50,10,D09,ok,115.63869250001152
A,gaussiano_regimen__d21__i1.00,0,D10,ok,79.54126799997175
A,gaussiano_regimen__d21__i1.00,1,D10,ok,81.17005950002931
A,gaussiano_regimen__d21__i1.00,2,D10,ok,79.78985780000221
A,gaussiano_regimen__d21__i1.00,3,D10,ok,80.2945078999619
A,gaussiano_regimen__d21__i1.00,4,D10,ok,79.56160100002307
A,gaussiano_regimen__d21__i1.00,5,D10,ok,79.7262660000124
A,gaussiano_regimen__d21__i1.00,6,D10,ok,79.99694019998424
A,gaussiano_regimen__d21__i1.00,7,D10,ok,80.28623759996844
A,gaussiano_regimen__d21__i1.00,9,D10,ok,80.04716600000393
A,gaussiano_regimen__d21__i1.00,8,D10,ok,80.39398269995581
A,gaussiano_regimen__d21__i1.00,10,D10,ok,79.93734149995726
A,gaussiano_regimen__d21__i0.50,1,D10,ok,80.11526339995908
A,gaussiano_regimen__d21__i0.50,0,D10,ok,80.98186990001705
A,gaussiano_regimen__d21__i0.50,2,D10,ok,80.33126169996103
A,gaussiano_regimen__d21__i0.50,3,D10,ok,79.77262399997562
A,gaussiano_regimen__d21__i0.50,4,D10,ok,79.92541680001887
A,gaussiano_regimen__d21__i0.50,5,D10,ok,79.72791710001184
A,gaussiano_regimen__d21__i0.50,6,D10,ok,79.96851019997848
A,gaussiano_regimen__d21__i0.50,7,D10,ok,79.7795053999871
A,gaussiano_regimen__d21__i0.50,8,D10,ok,80.35153409995837
A,gaussiano_regimen__d21__i0.50,9,D10,ok,79.62301509996178
A,gaussiano_regimen__d21__i0.50,10,D10,ok,80.13135239999974
A,gaussiano_regimen__d63__i1.00,1,D10,ok,80.09035179996863
A,gaussiano_regimen__d63__i1.00,0,D10,ok,81.10756599996239
A,gaussiano_regimen__d63__i1.00,2,D10,ok,79.75813339999877
A,gaussiano_regimen__d63__i1.00,3,D10,ok,79.8652926000068
A,gaussiano_regimen__d63__i1.00,4,D10,ok,79.87059730000328
A,gaussiano_regimen__d63__i1.00,5,D10,ok,80.03521170001477
A,gaussiano_regimen__d63__i1.00,6,D10,ok,79.89807910000673
A,gaussiano_regimen__d63__i1.00,7,D10,ok,80.40869310003472
A,gaussiano_regimen__d63__i1.00,8,D10,ok,79.77292399998987
A,gaussiano_regimen__d63__i1.00,9,D10,ok,80.12915260001319
A,gaussiano_regimen__d63__i1.00,10,D10,ok,80.36742489994504
A,gaussiano_regimen__d63__i0.50,0,D10,ok,81.12125600001309
A,gaussiano_regimen__d63__i0.50,1,D10,ok,80.04628130001947
A,gaussiano_regimen__d63__i0.50,2,D10,ok,79.8029926000163
A,gaussiano_regimen__d63__i0.50,3,D10,ok,79.77478009997867
A,gaussiano_regimen__d63__i0.50,4,D10,ok,79.98741910001263
A,gaussiano_regimen__d63__i0.50,5,D10,ok,80.00184609997086
A,gaussiano_regimen__d63__i0.50,6,D10,ok,80.17404369998258
A,gaussiano_regimen__d63__i0.50,7,D10,ok,79.89626070001395
A,gaussiano_regimen__d63__i0.50,8,D10,ok,80.42767320002895
A,gaussiano_regimen__d63__i0.50,9,D10,ok,80.53198390000034
A,gaussiano_regimen__d63__i0.50,10,D10,ok,81.39284950000001
A,gaussiano_regimen__d252__i1.00,0,D10,ok,80.5436461000354
A,gaussiano_regimen__d252__i1.00,1,D10,ok,80.41920020000543
A,gaussiano_regimen__d252__i1.00,2,D10,ok,80.3910880999756
A,gaussiano_regimen__d252__i1.00,4,D10,ok,80.83725620002951
A,gaussiano_regimen__d252__i1.00,3,D10,ok,81.04909869999392
A,gaussiano_regimen__d252__i1.00,5,D10,ok,80.95211289997678
A,gaussiano_regimen__d252__i1.00,6,D10,ok,80.37790790002327
A,gaussiano_regimen__d252__i1.00,7,D10,ok,80.80598960001953
A,gaussiano_regimen__d252__i1.00,8,D10,ok,80.6356237999862
A,gaussiano_regimen__d252__i1.00,9,D10,ok,81.81399029999739
A,gaussiano_regimen__d252__i1.00,10,D10,ok,80.58847150002839
A,gaussiano_regimen__d252__i0.50,0,D10,ok,80.55011940002441
A,gaussiano_regimen__d252__i0.50,1,D10,ok,81.13753389997873
A,gaussiano_regimen__d252__i0.50,2,D10,ok,80.67497390002245
A,gaussiano_regimen__d252__i0.50,3,D10,ok,80.93386140000075
A,gaussiano_regimen__d252__i0.50,4,D10,ok,81.0150483000325
A,gaussiano_regimen__d252__i0.50,5,D10,ok,80.25674440001603
A,gaussiano_regimen__d252__i0.50,6,D10,ok,79.92748000001302
A,gaussiano_regimen__d252__i0.50,7,D10,ok,80.25080149999121
A,gaussiano_regimen__d252__i0.50,8,D10,ok,80.52984840003774
A,gaussiano_regimen__d252__i0.50,9,D10,ok,82.45250650000526
A,gaussiano_regimen__d252__i0.50,10,D10,ok,82.68699830002151
A,var_regimen__d21__i1.00,0,D10,ok,83.2595946000074
A,var_regimen__d21__i1.00,1,D10,ok,83.03674360003788
A,var_regimen__d21__i1.00,2,D10,ok,83.20839210000122
A,var_regimen__d21__i1.00,3,D10,ok,84.32176800002344
A,var_regimen__d21__i1.00,4,D10,ok,83.72022509999806
A,var_regimen__d21__i1.00,5,D10,ok,84.37262830004329
A,var_regimen__d21__i1.00,6,D10,ok,84.79268119996414
A,var_regimen__d21__i1.00,7,D10,ok,85.36392660002457
A,var_regimen__d21__i1.00,8,D10,ok,81.49510509998072
A,var_regimen__d21__i1.00,9,D10,ok,81.20618899998954
A,var_regimen__d21__i1.00,10,D10,ok,80.0131926999893
A,var_regimen__d21__i0.50,0,D10,ok,80.3267874000012
A,var_regimen__d21__i0.50,1,D10,ok,80.7584033999592
A,var_regimen__d21__i0.50,2,D10,ok,80.8492394000059
A,var_regimen__d21__i0.50,3,D10,ok,80.49988560000202
A,var_regimen__d21__i0.50,4,D10,ok,81.41171930002747
A,var_regimen__d21__i0.50,5,D10,ok,81.53679540002486
A,var_regimen__d21__i0.50,6,D10,ok,82.64481159998104
A,var_regimen__d21__i0.50,7,D10,ok,84.20822230004705
A,var_regimen__d21__i0.50,8,D10,ok,85.00727320002625
A,var_regimen__d21__i0.50,9,D10,ok,89.49320989998523
A,var_regimen__d21__i0.50,10,D10,ok,92.29616720002376
A,var_regimen__d63__i1.00,0,D10,ok,92.32619519997388
A,var_regimen__d63__i1.00,1,D10,ok,95.16513550002128
A,var_regimen__d63__i1.00,2,D10,ok,94.43679939996218
A,var_regimen__d63__i1.00,3,D10,ok,93.80873529997189
A,var_regimen__d63__i1.00,4,D10,ok,95.89536740002222
A,var_regimen__d63__i1.00,5,D10,ok,97.23994609998772
A,var_regimen__d63__i1.00,6,D10,ok,92.0411980000208
A,var_regimen__d63__i1.00,7,D10,ok,93.05321220000042
A,var_regimen__d63__i1.00,8,D10,ok,87.53256289998535
A,var_regimen__d63__i1.00,9,D10,ok,86.30614350002725
A,var_regimen__d63__i1.00,10,D10,ok,86.2112829000107
A,var_regimen__d63__i0.50,0,D10,ok,85.27947159996256
A,var_regimen__d63__i0.50,1,D10,ok,84.58986750000622
A,var_regimen__d63__i0.50,2,D10,ok,85.39966150000691
A,var_regimen__d63__i0.50,3,D10,ok,86.14650040003471
A,var_regimen__d63__i0.50,4,D10,ok,87.30003179999767
A,var_regimen__d63__i0.50,5,D10,ok,85.18393419997301
A,var_regimen__d63__i0.50,6,D10,ok,85.35018700000364
A,var_regimen__d63__i0.50,7,D10,ok,85.97559629997704
A,var_regimen__d63__i0.50,8,D10,ok,86.20812210004078
A,var_regimen__d63__i0.50,9,D10,ok,86.649362199998
A,var_regimen__d63__i0.50,10,D10,ok,86.02482630003942
A,var_regimen__d252__i1.00,0,D10,ok,85.70854329998838
A,var_regimen__d252__i1.00,1,D10,ok,84.79792789998464
A,var_regimen__d252__i1.00,2,D10,ok,84.62424629996531
A,var_regimen__d252__i1.00,3,D10,ok,85.81288480001967
A,var_regimen__d252__i1.00,4,D10,ok,84.48864789999789
A,var_regimen__d252__i1.00,5,D10,ok,84.67491199995857
A,var_regimen__d252__i1.00,6,D10,ok,84.69288350001443
A,var_regimen__d252__i1.00,7,D10,ok,85.02677019999828
A,var_regimen__d252__i1.00,8,D10,ok,84.93689319997793
A,var_regimen__d252__i1.00,9,D10,ok,85.26762479997706
A,var_regimen__d252__i1.00,10,D10,ok,85.22865970002022
A,var_regimen__d252__i0.50,0,D10,ok,87.6520995000028
A,var_regimen__d252__i0.50,1,D10,ok,88.2137589000049
A,var_regimen__d252__i0.50,2,D10,ok,88.72811010002624
A,var_regimen__d252__i0.50,3,D10,ok,87.25163369998336
A,var_regimen__d252__i0.50,4,D10,ok,87.35130520001985
A,var_regimen__d252__i0.50,5,D10,ok,86.85062039998593
A,var_regimen__d252__i0.50,6,D10,ok,86.54027499997756
A,var_regimen__d252__i0.50,7,D10,ok,86.58714349998627
A,var_regimen__d252__i0.50,8,D10,ok,86.89776469999924
A,var_regimen__d252__i0.50,9,D10,ok,85.87831990001723
A,var_regimen__d252__i0.50,10,D10,ok,83.86050290003186
A,garch_regimen__d21__i1.00,0,D10,ok,84.08385429996997
A,garch_regimen__d21__i1.00,1,D10,ok,85.05302280001342
A,garch_regimen__d21__i1.00,2,D10,ok,84.40845110005466
A,garch_regimen__d21__i1.00,3,D10,ok,87.03958710003644
A,garch_regimen__d21__i1.00,4,D10,ok,88.68863370001782
A,garch_regimen__d21__i1.00,5,D10,ok,88.95226719998755
A,garch_regimen__d21__i1.00,6,D10,ok,89.23684889997821
A,garch_regimen__d21__i1.00,7,D10,ok,88.90041709999787
A,garch_regimen__d21__i1.00,8,D10,ok,88.50626990001183
A,garch_regimen__d21__i1.00,9,D10,ok,89.7846894999966
A,garch_regimen__d21__i1.00,10,D10,ok,90.8683012999827
A,garch_regimen__d21__i0.50,0,D10,ok,92.84884649998276
A,garch_regimen__d21__i0.50,1,D10,ok,90.61595449998276
A,garch_regimen__d21__i0.50,2,D10,ok,89.56930909998482
A,garch_regimen__d21__i0.50,3,D10,ok,90.50106769998092
A,garch_regimen__d21__i0.50,4,D10,ok,89.99203050002689
A,garch_regimen__d21__i0.50,5,D10,ok,90.18255480000516
A,garch_regimen__d21__i0.50,6,D10,ok,91.04563030001007
A,garch_regimen__d21__i0.50,7,D10,ok,90.6059169000364
A,garch_regimen__d21__i0.50,8,D10,ok,90.9946352999541
A,garch_regimen__d21__i0.50,9,D10,ok,90.72285040002316
A,garch_regimen__d21__i0.50,10,D10,ok,91.58932020002976
A,garch_regimen__d63__i1.00,0,D10,ok,89.19736429996556
A,garch_regimen__d63__i1.00,1,D10,ok,88.50953140005004
A,garch_regimen__d63__i1.00,2,D10,ok,85.2482157999766
A,garch_regimen__d63__i1.00,3,D10,ok,85.29010069998913
A,garch_regimen__d63__i1.00,4,D10,ok,85.76353520003613
A,garch_regimen__d63__i1.00,5,D10,ok,85.9584571000305
A,garch_regimen__d63__i1.00,6,D10,ok,85.11453669995535
A,garch_regimen__d63__i1.00,7,D10,ok,83.28400909999618
A,garch_regimen__d63__i1.00,8,D10,ok,82.73879470000975
A,garch_regimen__d63__i1.00,9,D10,ok,83.37706090003485
A,garch_regimen__d63__i1.00,10,D10,ok,82.96768230001908
A,garch_regimen__d63__i0.50,0,D10,ok,82.66119289997732
A,garch_regimen__d63__i0.50,1,D10,ok,83.32930240000132
A,garch_regimen__d63__i0.50,2,D10,ok,82.61940549995052
A,garch_regimen__d63__i0.50,3,D10,ok,82.51866030000383
A,garch_regimen__d63__i0.50,4,D10,ok,82.82764010003302
A,garch_regimen__d63__i0.50,5,D10,ok,82.37843029998476
A,garch_regimen__d63__i0.50,6,D10,ok,81.90760770003544
A,garch_regimen__d63__i0.50,7,D10,ok,82.90495240001474
A,garch_regimen__d63__i0.50,8,D10,ok,83.6540485000005
A,garch_regimen__d63__i0.50,9,D10,ok,81.93488739995519
A,garch_regimen__d63__i0.50,10,D10,ok,81.99884620000375
A,garch_regimen__d252__i1.00,0,D10,ok,84.34153889998561
A,garch_regimen__d252__i1.00,1,D10,ok,84.49492289999034
A,garch_regimen__d252__i1.00,2,D10,ok,85.22071919997688
A,garch_regimen__d252__i1.00,3,D10,ok,85.06515979999676
A,garch_regimen__d252__i1.00,4,D10,ok,84.3359683000017
A,garch_regimen__d252__i1.00,5,D10,ok,87.92117839999264
A,garch_regimen__d252__i1.00,6,D10,ok,89.4976042000344
A,garch_regimen__d252__i1.00,7,D10,ok,92.5001167000155
A,garch_regimen__d252__i1.00,8,D10,ok,91.6369003999862
A,garch_regimen__d252__i1.00,9,D10,ok,92.28249650000362
A,garch_regimen__d252__i1.00,10,D10,ok,92.0041017999756
A,garch_regimen__d252__i0.50,0,D10,ok,93.34574330004398
A,garch_regimen__d252__i0.50,1,D10,ok,93.9633945999667
A,garch_regimen__d252__i0.50,2,D10,ok,93.3325579999946
A,garch_regimen__d252__i0.50,3,D10,ok,93.64266000001226
A,garch_regimen__d252__i0.50,4,D10,ok,93.89242889999878
A,garch_regimen__d252__i0.50,5,D10,ok,95.68825260002632
A,garch_regimen__d252__i0.50,6,D10,ok,95.42840229999274
A,garch_regimen__d252__i0.50,7,D10,ok,95.31928029999835
A,garch_regimen__d252__i0.50,8,D10,ok,94.0356224999996
A,garch_regimen__d252__i0.50,9,D10,ok,97.7194003999466
A,garch_regimen__d252__i0.50,10,D10,ok,98.0654936999781
B,gaussiano_regimen__d21__i1.00,2,D05,ok,106.97300590004306
B,gaussiano_regimen__d21__i1.00,1,D05,ok,109.93425620003836
B,gaussiano_regimen__d21__i1.00,0,D05,ok,116.19611809996422
B,gaussiano_regimen__d21__i1.00,4,D05,ok,100.23077339999143
B,gaussiano_regimen__d21__i1.00,3,D05,ok,110.47896099998616
B,gaussiano_regimen__d21__i1.00,5,D05,ok,98.47761410003297
B,gaussiano_regimen__d21__i1.00,6,D05,ok,96.7795185999712
B,gaussiano_regimen__d21__i1.00,7,D05,ok,103.470578700013
B,gaussiano_regimen__d21__i1.00,8,D05,ok,95.63793080003234
B,gaussiano_regimen__d21__i1.00,9,D05,ok,92.8666715999716
B,gaussiano_regimen__d21__i1.00,10,D05,ok,94.99913750000997
B,gaussiano_regimen__d21__i0.50,1,D05,ok,98.94304250000278
B,gaussiano_regimen__d21__i0.50,0,D05,ok,102.64910260000032
B,gaussiano_regimen__d21__i0.50,2,D05,ok,92.88227860000916
B,gaussiano_regimen__d21__i0.50,5,D05,ok,100.03456279996315
B,gaussiano_regimen__d21__i0.50,3,D05,ok,119.97141170001125
B,gaussiano_regimen__d21__i0.50,4,D05,ok,107.52456630003871
B,gaussiano_regimen__d21__i0.50,6,D05,ok,108.83351949998178
B,gaussiano_regimen__d21__i0.50,8,D05,ok,112.87129159999311
B,gaussiano_regimen__d21__i0.50,7,D05,ok,122.19601740001237
B,gaussiano_regimen__d21__i0.50,9,D05,ok,121.3522735000006
B,gaussiano_regimen__d21__i0.50,10,D05,ok,126.50029050000012
B,gaussiano_regimen__d63__i1.00,1,D05,ok,124.750764299999
B,gaussiano_regimen__d63__i1.00,0,D05,ok,130.9246032999945
B,gaussiano_regimen__d63__i1.00,2,D05,ok,124.01904320000904
B,gaussiano_regimen__d63__i1.00,3,D05,ok,124.2589715999784
B,gaussiano_regimen__d63__i1.00,4,D05,ok,124.34816039999714
B,gaussiano_regimen__d63__i1.00,5,D05,ok,121.24540030001664
B,gaussiano_regimen__d63__i1.00,6,D05,ok,118.2695442000404
B,gaussiano_regimen__d63__i1.00,7,D05,ok,118.3639365999843
B,gaussiano_regimen__d63__i1.00,8,D05,ok,115.33042280003428
B,gaussiano_regimen__d63__i0.50,0,D05,ok,101.65998589998344
B,gaussiano_regimen__d63__i1.00,10,D05,ok,106.01515680004375
B,gaussiano_regimen__d63__i1.00,9,D05,ok,113.12735720002092
B,gaussiano_regimen__d63__i0.50,1,D05,ok,102.0878376000328
B,gaussiano_regimen__d63__i0.50,2,D05,ok,108.71692689997144
B,gaussiano_regimen__d63__i0.50,3,D05,ok,107.20476779999444
B,gaussiano_regimen__d63__i0.50,4,D05,ok,101.07351150002796
B,gaussiano_regimen__d63__i0.50,5,D05,ok,110.30764089996228
B,gaussiano_regimen__d63__i0.50,6,D05,ok,109.02755359996809
B,gaussiano_regimen__d63__i0.50,7,D05,ok,103.62705539999295
B,gaussiano_regimen__d63__i0.50,10,D05,ok,98.14036139997188
B,gaussiano_regimen__d63__i0.50,8,D05,ok,107.02219889999832
B,gaussiano_regimen__d63__i0.50,9,D05,ok,103.63885680004024
B,gaussiano_regimen__d252__i1.00,0,D05,ok,91.24310089997016
B,gaussiano_regimen__d252__i1.00,2,D05,ok,91.93366319994676
B,gaussiano_regimen__d252__i1.00,1,D05,ok,92.68345940002472
B,gaussiano_regimen__d252__i1.00,3,D05,ok,93.87944360001713
B,gaussiano_regimen__d252__i1.00,4,D05,ok,99.96644779999042
B,gaussiano_regimen__d252__i1.00,5,D05,ok,98.4659846999566
B,gaussiano_regimen__d252__i1.00,6,D05,ok,97.83879549999256
B,gaussiano_regimen__d252__i1.00,7,D05,ok,98.39260850002756
B,gaussiano_regimen__d252__i1.00,8,D05,ok,98.49176959996112
B,gaussiano_regimen__d252__i1.00,9,D05,ok,98.94487910001772
B,gaussiano_regimen__d252__i1.00,10,D05,ok,100.82991939998465
B,gaussiano_regimen__d252__i0.50,0,D05,ok,108.73843870003476
B,gaussiano_regimen__d252__i0.50,1,D05,ok,116.44112880004104
B,gaussiano_regimen__d252__i0.50,2,D05,ok,105.1386521999957
B,gaussiano_regimen__d252__i0.50,3,D05,ok,112.21322989999317
B,gaussiano_regimen__d252__i0.50,4,D05,ok,111.88335620000726
B,gaussiano_regimen__d252__i0.50,5,D05,ok,116.01224650000222
B,gaussiano_regimen__d252__i0.50,6,D05,ok,112.52493620000314
B,gaussiano_regimen__d252__i0.50,7,D05,ok,116.77684740000404
B,gaussiano_regimen__d252__i0.50,8,D05,ok,118.80520510004136
B,gaussiano_regimen__d252__i0.50,9,D05,ok,116.7531676000217
B,var_regimen__d21__i1.00,0,D05,ok,96.62177879997762
B,var_regimen__d21__i1.00,1,D05,ok,95.53793059999587
B,gaussiano_regimen__d252__i0.50,10,D05,ok,117.68939450004837
B,var_regimen__d21__i1.00,2,D05,ok,92.30733379995218
B,var_regimen__d21__i1.00,3,D05,ok,92.781066800002
B,var_regimen__d21__i1.00,4,D05,ok,100.15899880003415
B,var_regimen__d21__i1.00,5,D05,ok,100.21286480000708
B,var_regimen__d21__i1.00,6,D05,ok,99.10421630000928
B,var_regimen__d21__i1.00,7,D05,ok,97.8787174000172
B,var_regimen__d21__i1.00,8,D05,ok,97.2629943000502
B,var_regimen__d21__i1.00,9,D05,ok,95.55339189997176
B,var_regimen__d21__i1.00,10,D05,ok,97.54082410002592
B,var_regimen__d21__i0.50,0,D05,ok,94.14840659999754
B,var_regimen__d21__i0.50,1,D05,ok,84.43773189996136
B,var_regimen__d21__i0.50,2,D05,ok,85.15732259996003
B,var_regimen__d21__i0.50,3,D05,ok,70.58184679999249
B,var_regimen__d21__i0.50,4,D05,ok,72.31778479996137
B,var_regimen__d21__i0.50,5,D05,ok,72.4011518000043
B,var_regimen__d21__i0.50,6,D05,ok,72.45507560000988
B,var_regimen__d21__i0.50,7,D05,ok,70.95606169995153
B,var_regimen__d21__i0.50,8,D05,ok,71.97169679997023
B,var_regimen__d21__i0.50,9,D05,ok,71.62286140001379
B,var_regimen__d21__i0.50,10,D05,ok,72.87265629996546
B,var_regimen__d63__i1.00,0,D05,ok,74.52879800001392
B,var_regimen__d63__i1.00,1,D05,ok,74.97751350002363
B,var_regimen__d63__i1.00,2,D05,ok,78.82211879995884
B,var_regimen__d63__i1.00,3,D05,ok,81.8050077999942
B,var_regimen__d63__i1.00,4,D05,ok,78.84631240001181
B,var_regimen__d63__i1.00,5,D05,ok,81.51576840004418
B,var_regimen__d63__i1.00,6,D05,ok,80.1150278999703
B,var_regimen__d63__i1.00,7,D05,ok,82.65519399999175
B,var_regimen__d63__i1.00,8,D05,ok,81.67366269999184
B,var_regimen__d63__i1.00,9,D05,ok,84.72064919996774
B,var_regimen__d63__i1.00,10,D05,ok,84.31577739998465
B,var_regimen__d63__i0.50,0,D05,ok,87.24506819999078
B,var_regimen__d63__i0.50,1,D05,ok,86.2024491999764
B,var_regimen__d63__i0.50,2,D05,ok,89.66458770004101
B,var_regimen__d63__i0.50,4,D05,ok,91.07563720003236
B,var_regimen__d63__i0.50,3,D05,ok,96.40927310002736
B,var_regimen__d63__i0.50,5,D05,ok,97.57178270001896
B,var_regimen__d63__i0.50,6,D05,ok,98.7418958999915
B,var_regimen__d63__i0.50,7,D05,ok,100.32022310001776
B,var_regimen__d63__i0.50,8,D05,ok,106.28488049999578
B,var_regimen__d63__i0.50,9,D05,ok,98.62815149995733
B,var_regimen__d63__i0.50,10,D05,ok,98.5114217000082
B,var_regimen__d252__i1.00,0,D05,ok,116.23880319995806
B,var_regimen__d252__i1.00,2,D05,ok,104.50502119999146
B,var_regimen__d252__i1.00,3,D05,ok,104.70433600002434
B,var_regimen__d252__i1.00,1,D05,ok,116.84860000002664
B,var_regimen__d252__i1.00,4,D05,ok,99.7246003000182
B,var_regimen__d252__i1.00,5,D05,ok,96.36684380000224
B,var_regimen__d252__i1.00,6,D05,ok,99.0308306000079
B,var_regimen__d252__i1.00,7,D05,ok,98.0602138999966
B,var_regimen__d252__i1.00,8,D05,ok,97.2028183999937
B,var_regimen__d252__i1.00,9,D05,ok,93.13119549996918
B,var_regimen__d252__i1.00,10,D05,ok,76.2320862999768
B,var_regimen__d252__i0.50,0,D05,ok,75.78995130001567
B,var_regimen__d252__i0.50,1,D05,ok,76.46524910000153
B,var_regimen__d252__i0.50,2,D05,ok,76.75799549999647
B,var_regimen__d252__i0.50,3,D05,ok,74.01535260002129
B,var_regimen__d252__i0.50,4,D05,ok,77.02039429999422
B,var_regimen__d252__i0.50,5,D05,ok,74.63225439999951
B,var_regimen__d252__i0.50,6,D05,ok,69.50094180001179
B,var_regimen__d252__i0.50,7,D05,ok,70.71461450000061
B,var_regimen__d252__i0.50,8,D05,ok,72.0946532000089
B,var_regimen__d252__i0.50,9,D05,ok,77.19222510000691
B,garch_regimen__d21__i1.00,0,D05,ok,75.45875650004018
B,var_regimen__d252__i0.50,10,D05,ok,76.28008120000595
B,garch_regimen__d21__i1.00,1,D05,ok,78.36987840000074
B,garch_regimen__d21__i1.00,2,D05,ok,77.41781620000256
B,garch_regimen__d21__i1.00,3,D05,ok,78.9386269999668
B,garch_regimen__d21__i1.00,4,D05,ok,80.64742369996384
B,garch_regimen__d21__i1.00,5,D05,ok,83.79120210005203
B,garch_regimen__d21__i1.00,6,D05,ok,84.26895280001918
B,garch_regimen__d21__i1.00,7,D05,ok,89.61437160003697
B,garch_regimen__d21__i1.00,8,D05,ok,96.6776631999528
B,garch_regimen__d21__i1.00,10,D05,ok,99.19762429996626
B,garch_regimen__d21__i1.00,9,D05,ok,103.91215589997591
B,garch_regimen__d21__i0.50,0,D05,ok,101.69765879999612
B,garch_regimen__d21__i0.50,1,D05,ok,103.4274032000103
B,garch_regimen__d21__i0.50,2,D05,ok,98.98459509998791
B,garch_regimen__d21__i0.50,3,D05,ok,102.39175130001968
B,garch_regimen__d21__i0.50,4,D05,ok,99.32097810000414
B,garch_regimen__d21__i0.50,5,D05,ok,104.04145670001162
B,garch_regimen__d21__i0.50,6,D05,ok,99.10635799996088
B,garch_regimen__d21__i0.50,7,D05,ok,96.39898180001182
B,garch_regimen__d21__i0.50,8,D05,ok,90.64930029999232
B,garch_regimen__d21__i0.50,9,D05,ok,88.05034719995456
B,garch_regimen__d21__i0.50,10,D05,ok,87.36715579999145
B,garch_regimen__d63__i1.00,0,D05,ok,90.04382179997629
B,garch_regimen__d63__i1.00,1,D05,ok,88.04310310003348
B,garch_regimen__d63__i1.00,2,D05,ok,90.59860539995134
B,garch_regimen__d63__i1.00,3,D05,ok,86.73356199997943
B,garch_regimen__d63__i1.00,4,D05,ok,83.81585689994972
B,garch_regimen__d63__i1.00,5,D05,ok,79.90279620001093
B,garch_regimen__d63__i1.00,6,D05,ok,90.51015420001931
B,garch_regimen__d63__i1.00,7,D05,ok,91.6025595999672
B,garch_regimen__d63__i1.00,8,D05,ok,90.58050100004766
B,garch_regimen__d63__i1.00,9,D05,ok,90.5310327000334
B,garch_regimen__d63__i1.00,10,D05,ok,91.50002979999408
B,garch_regimen__d63__i0.50,0,D05,ok,90.99278959998628
B,garch_regimen__d63__i0.50,1,D05,ok,89.14429069997277
B,garch_regimen__d63__i0.50,2,D05,ok,90.84803049999756
B,garch_regimen__d63__i0.50,3,D05,ok,87.61686350003583
B,garch_regimen__d63__i0.50,4,D05,ok,88.37983890000032
B,garch_regimen__d63__i0.50,5,D05,ok,71.96284930000547
B,garch_regimen__d63__i0.50,6,D05,ok,70.16593909997027
B,garch_regimen__d63__i0.50,7,D05,ok,71.32187899999553
B,garch_regimen__d63__i0.50,8,D05,ok,70.80586299998686
B,garch_regimen__d63__i0.50,9,D05,ok,70.50780689995736
B,garch_regimen__d63__i0.50,10,D05,ok,72.04844019998563
B,garch_regimen__d252__i1.00,0,D05,ok,71.87103550002212
B,garch_regimen__d252__i1.00,1,D05,ok,71.5166096999892
B,garch_regimen__d252__i1.00,2,D05,ok,69.81991429999471
B,garch_regimen__d252__i1.00,3,D05,ok,69.07476859999588
B,garch_regimen__d252__i1.00,4,D05,ok,68.82750130002387
B,garch_regimen__d252__i1.00,5,D05,ok,70.67147500003921
B,garch_regimen__d252__i1.00,7,D05,ok,70.61724159994628
B,garch_regimen__d252__i1.00,6,D05,ok,73.0816151999752
B,garch_regimen__d252__i1.00,8,D05,ok,71.46902160003083
B,garch_regimen__d252__i1.00,9,D05,ok,72.55164449999575
B,garch_regimen__d252__i1.00,10,D05,ok,71.47704560001148
B,garch_regimen__d252__i0.50,0,D05,ok,72.08679790003225
B,garch_regimen__d252__i0.50,2,D05,ok,70.79439489997458
B,garch_regimen__d252__i0.50,1,D05,ok,72.84736110002268
B,garch_regimen__d252__i0.50,3,D05,ok,72.11146349995397
B,garch_regimen__d252__i0.50,4,D05,ok,71.20139840000775
B,garch_regimen__d252__i0.50,5,D05,ok,71.4879140999983
B,gaussiano_regimen__d21__i1.00,0,D08,ok,34.49062059994321
B,garch_regimen__d252__i0.50,6,D05,ok,71.3999657999957
B,gaussiano_regimen__d21__i1.00,1,D08,ok,36.24036170000909
B,garch_regimen__d252__i0.50,7,D05,ok,70.59325289999833
B,garch_regimen__d252__i0.50,8,D05,ok,71.55444969999371
B,garch_regimen__d252__i0.50,9,D05,ok,72.58461299998453
B,gaussiano_regimen__d21__i1.00,2,D08,ok,37.76135669997893
B,garch_regimen__d252__i0.50,10,D05,ok,74.42757749999873
B,gaussiano_regimen__d21__i1.00,3,D08,ok,40.06787939998321
B,gaussiano_regimen__d21__i1.00,4,D08,ok,36.81846249999944
B,gaussiano_regimen__d21__i1.00,6,D08,ok,37.06192120001651
B,gaussiano_regimen__d21__i1.00,5,D08,ok,42.799045699997805
B,gaussiano_regimen__d21__i1.00,7,D08,ok,45.058251600014046
B,gaussiano_regimen__d21__i1.00,8,D08,ok,44.01748119998956
B,gaussiano_regimen__d21__i1.00,9,D08,ok,44.16741970001021
B,gaussiano_regimen__d21__i1.00,10,D08,ok,44.19505859998753
B,gaussiano_regimen__d21__i0.50,0,D08,ok,44.71390329999849
B,gaussiano_regimen__d21__i0.50,1,D08,ok,40.95861969998805
B,gaussiano_regimen__d21__i0.50,4,D08,ok,37.78145519999089
B,gaussiano_regimen__d21__i0.50,2,D08,ok,42.69919459999073
B,gaussiano_regimen__d21__i0.50,3,D08,ok,44.811820500006434
B,gaussiano_regimen__d21__i0.50,5,D08,ok,40.156327400007285
B,gaussiano_regimen__d21__i0.50,8,D08,ok,33.79239179997239
B,gaussiano_regimen__d21__i0.50,7,D08,ok,40.9255439999979
B,gaussiano_regimen__d21__i0.50,6,D08,ok,47.4314219999942
B,gaussiano_regimen__d21__i0.50,9,D08,ok,39.9252730999724
B,gaussiano_regimen__d21__i0.50,10,D08,ok,36.0520956000546
B,gaussiano_regimen__d63__i1.00,0,D08,ok,34.3240321999765
B,gaussiano_regimen__d63__i1.00,1,D08,ok,34.86328170000343
B,gaussiano_regimen__d63__i1.00,2,D08,ok,34.08115019998513
B,gaussiano_regimen__d63__i1.00,3,D08,ok,30.34836449997965
B,gaussiano_regimen__d63__i1.00,4,D08,ok,32.12172650004504
B,gaussiano_regimen__d63__i1.00,5,D08,ok,31.973274799995124
B,gaussiano_regimen__d63__i1.00,7,D08,ok,30.145557400013782
B,gaussiano_regimen__d63__i1.00,6,D08,ok,32.16397809999762
B,gaussiano_regimen__d63__i1.00,8,D08,ok,29.23334449995309
B,gaussiano_regimen__d63__i1.00,9,D08,ok,29.52998509997269
B,gaussiano_regimen__d63__i1.00,10,D08,ok,29.287746100046206
B,gaussiano_regimen__d63__i0.50,0,D08,ok,31.897161300003063
B,gaussiano_regimen__d63__i0.50,1,D08,ok,33.00578830001177
B,gaussiano_regimen__d63__i0.50,2,D08,ok,33.45884119998664
B,gaussiano_regimen__d63__i0.50,3,D08,ok,31.810904699959792
B,gaussiano_regimen__d63__i0.50,4,D08,ok,31.93965529999696
B,gaussiano_regimen__d63__i0.50,5,D08,ok,32.00064330000896
B,gaussiano_regimen__d63__i0.50,6,D08,ok,31.375678099982903
B,gaussiano_regimen__d63__i0.50,7,D08,ok,34.13087729999097
B,gaussiano_regimen__d63__i0.50,8,D08,ok,32.17464490002021
B,gaussiano_regimen__d63__i0.50,9,D08,ok,31.73059240001021
B,gaussiano_regimen__d252__i1.00,0,D08,ok,28.8079044999904
B,gaussiano_regimen__d252__i1.00,1,D08,ok,31.38871750002727
B,gaussiano_regimen__d63__i0.50,10,D08,ok,35.79059280001093
B,gaussiano_regimen__d252__i1.00,2,D08,ok,33.27843180001946
B,gaussiano_regimen__d252__i1.00,3,D08,ok,33.2260108999908
B,gaussiano_regimen__d252__i1.00,5,D08,ok,33.54238810000243
B,gaussiano_regimen__d252__i1.00,4,D08,ok,35.04297760000918
B,gaussiano_regimen__d252__i1.00,6,D08,ok,33.32273970003007
B,gaussiano_regimen__d252__i1.00,7,D08,ok,32.95419979997678
B,gaussiano_regimen__d252__i1.00,8,D08,ok,31.948561099998187
B,gaussiano_regimen__d252__i1.00,9,D08,ok,32.9289834999945
B,gaussiano_regimen__d252__i1.00,10,D08,ok,33.894481600029394
B,gaussiano_regimen__d252__i0.50,0,D08,ok,33.42739409999922
B,gaussiano_regimen__d252__i0.50,1,D08,ok,32.05927440000232
B,gaussiano_regimen__d252__i0.50,2,D08,ok,32.33776130003389
B,gaussiano_regimen__d252__i0.50,3,D08,ok,31.643276899994817
B,gaussiano_regimen__d252__i0.50,4,D08,ok,32.099407799949404
B,gaussiano_regimen__d252__i0.50,5,D08,ok,30.92824999999721
B,gaussiano_regimen__d252__i0.50,6,D08,ok,30.89908279996598
B,gaussiano_regimen__d252__i0.50,8,D08,ok,28.482953600003384
B,var_regimen__d21__i1.00,0,D08,ok,23.629102599981707
B,gaussiano_regimen__d252__i0.50,7,D08,ok,33.6361660999828
B,var_regimen__d21__i1.00,1,D08,ok,23.347964600019623
B,gaussiano_regimen__d252__i0.50,9,D08,ok,31.911535699968223
B,gaussiano_regimen__d252__i0.50,10,D08,ok,33.528963099990506
B,var_regimen__d21__i1.00,2,D08,ok,24.43632419995265
B,var_regimen__d21__i1.00,3,D08,ok,23.56323780003004
B,var_regimen__d21__i1.00,4,D08,ok,22.77166450000368
B,var_regimen__d21__i1.00,5,D08,ok,22.89684209995903
B,var_regimen__d21__i1.00,7,D08,ok,23.09473040001467
B,var_regimen__d21__i1.00,6,D08,ok,26.51501459995052
B,var_regimen__d21__i1.00,8,D08,ok,25.104111699969508
B,var_regimen__d21__i1.00,10,D08,ok,24.173677299986597
B,var_regimen__d21__i1.00,9,D08,ok,24.451798200025223
B,var_regimen__d21__i0.50,0,D08,ok,25.92716860002838
B,var_regimen__d21__i0.50,2,D08,ok,25.88095229997998
B,var_regimen__d21__i0.50,1,D08,ok,26.941178200009745
B,var_regimen__d21__i0.50,3,D08,ok,25.307187300000805
B,var_regimen__d21__i0.50,4,D08,ok,24.128108800039627
B,var_regimen__d21__i0.50,5,D08,ok,25.65021529997466
B,var_regimen__d21__i0.50,6,D08,ok,23.522784000029787
B,var_regimen__d21__i0.50,7,D08,ok,24.965532699949108
B,var_regimen__d21__i0.50,9,D08,ok,25.523172300017904
B,var_regimen__d21__i0.50,8,D08,ok,27.11000770004466
B,var_regimen__d21__i0.50,10,D08,ok,26.16045680001844
B,var_regimen__d63__i1.00,1,D08,ok,23.589686200022697
B,var_regimen__d63__i1.00,0,D08,ok,26.62939780001761
B,var_regimen__d63__i1.00,3,D08,ok,23.98239580000518
B,var_regimen__d63__i1.00,2,D08,ok,25.468293500016443
B,var_regimen__d63__i1.00,4,D08,ok,23.73143440001877
B,var_regimen__d63__i1.00,5,D08,ok,24.90643179998733
B,var_regimen__d63__i1.00,6,D08,ok,24.774834399984684
B,var_regimen__d63__i1.00,7,D08,ok,21.592331899970304
B,var_regimen__d63__i1.00,8,D08,ok,22.907889000023715
B,var_regimen__d63__i1.00,10,D08,ok,22.30837709998013
B,var_regimen__d63__i1.00,9,D08,ok,23.84673529997235
B,var_regimen__d63__i0.50,0,D08,ok,22.70736319996649
B,var_regimen__d63__i0.50,1,D08,ok,20.852886400010902
B,var_regimen__d63__i0.50,2,D08,ok,21.318002099986188
B,var_regimen__d63__i0.50,3,D08,ok,23.230019900016487
B,var_regimen__d63__i0.50,4,D08,ok,21.938931000011507
B,var_regimen__d63__i0.50,5,D08,ok,20.80666949995793
B,var_regimen__d63__i0.50,6,D08,ok,22.00567719998071
B,var_regimen__d63__i0.50,7,D08,ok,20.79136319999816
B,var_regimen__d63__i0.50,8,D08,ok,21.48958130000392
B,var_regimen__d63__i0.50,9,D08,ok,21.388852200005203
B,var_regimen__d63__i0.50,10,D08,ok,21.95569339999929
B,var_regimen__d252__i1.00,1,D08,ok,22.40745229995809
B,var_regimen__d252__i1.00,0,D08,ok,24.29286399995908
B,var_regimen__d252__i1.00,3,D08,ok,23.422949699976016
B,var_regimen__d252__i1.00,4,D08,ok,24.803931900009047
B,var_regimen__d252__i1.00,2,D08,ok,25.56558270001551
B,var_regimen__d252__i1.00,5,D08,ok,24.08318140002666
B,var_regimen__d252__i1.00,6,D08,ok,26.05690500000492
B,var_regimen__d252__i1.00,7,D08,ok,25.45428200002061
B,var_regimen__d252__i1.00,8,D08,ok,25.742063999990933
B,var_regimen__d252__i1.00,9,D08,ok,23.693021600018252
B,var_regimen__d252__i1.00,10,D08,ok,21.66374200000428
B,var_regimen__d252__i0.50,0,D08,ok,22.88944940001238
B,var_regimen__d252__i0.50,2,D08,ok,20.571732899989
B,var_regimen__d252__i0.50,3,D08,ok,21.70995349995792
B,var_regimen__d252__i0.50,1,D08,ok,23.739180699980352
B,var_regimen__d252__i0.50,4,D08,ok,23.489907999988645
B,var_regimen__d252__i0.50,5,D08,ok,20.557657500030476
B,var_regimen__d252__i0.50,6,D08,ok,20.34511489997385
B,var_regimen__d252__i0.50,9,D08,ok,20.78269459999865
B,var_regimen__d252__i0.50,7,D08,ok,22.781671300006565
B,var_regimen__d252__i0.50,8,D08,ok,22.88692179997452
B,var_regimen__d252__i0.50,10,D08,ok,21.184916500002146
B,garch_regimen__d21__i1.00,0,D08,ok,21.70676650002133
B,garch_regimen__d21__i1.00,2,D08,ok,20.532127399987075
B,garch_regimen__d21__i1.00,1,D08,ok,22.55029409995768
B,garch_regimen__d21__i1.00,3,D08,ok,21.991615700011607
B,garch_regimen__d21__i1.00,4,D08,ok,21.786953999951947
B,garch_regimen__d21__i1.00,5,D08,ok,22.56898620002903
B,garch_regimen__d21__i1.00,6,D08,ok,21.860986899991985
B,garch_regimen__d21__i1.00,7,D08,ok,21.875126599974465
B,garch_regimen__d21__i1.00,8,D08,ok,22.06918410002254
B,garch_regimen__d21__i1.00,9,D08,ok,22.8241400999832
B,garch_regimen__d21__i1.00,10,D08,ok,22.67388650000794
B,garch_regimen__d21__i0.50,0,D08,ok,23.10843490000116
B,garch_regimen__d21__i0.50,1,D08,ok,23.75382099999115
B,garch_regimen__d21__i0.50,2,D08,ok,22.2223392999731
B,garch_regimen__d21__i0.50,3,D08,ok,22.11860109999543
B,garch_regimen__d21__i0.50,4,D08,ok,23.038964100007437
B,garch_regimen__d21__i0.50,7,D08,ok,20.188955200021155
B,garch_regimen__d21__i0.50,6,D08,ok,21.995332299964502
B,garch_regimen__d21__i0.50,8,D08,ok,20.207424800028093
B,garch_regimen__d21__i0.50,5,D08,ok,23.234070100006647
B,garch_regimen__d21__i0.50,10,D08,ok,20.931377800006885
B,garch_regimen__d21__i0.50,9,D08,ok,21.796917999978177
B,garch_regimen__d63__i1.00,0,D08,ok,22.02461239998229
B,garch_regimen__d63__i1.00,1,D08,ok,21.090302199998405
B,garch_regimen__d63__i1.00,2,D08,ok,21.10662289999891
B,garch_regimen__d63__i1.00,3,D08,ok,21.024644599994645
B,garch_regimen__d63__i1.00,4,D08,ok,21.747825999977067
B,garch_regimen__d63__i1.00,7,D08,ok,20.836266199999955
B,garch_regimen__d63__i1.00,6,D08,ok,22.055231099948287
B,garch_regimen__d63__i1.00,5,D08,ok,24.212250599986877
B,garch_regimen__d63__i1.00,8,D08,ok,22.38125340000261
B,garch_regimen__d63__i1.00,9,D08,ok,22.39120760001242
B,garch_regimen__d63__i1.00,10,D08,ok,23.91593659995124
B,garch_regimen__d63__i0.50,1,D08,ok,23.27144360000966
B,garch_regimen__d63__i0.50,0,D08,ok,24.20106569997733
B,garch_regimen__d63__i0.50,2,D08,ok,22.331246400019158
B,garch_regimen__d63__i0.50,3,D08,ok,22.8303630000446
B,garch_regimen__d63__i0.50,4,D08,ok,24.288518399989695
B,garch_regimen__d63__i0.50,6,D08,ok,24.16555719997268
B,garch_regimen__d63__i0.50,5,D08,ok,25.601066800008997
B,garch_regimen__d63__i0.50,8,D08,ok,22.436482200049795
B,garch_regimen__d63__i0.50,7,D08,ok,23.15150169999106
B,garch_regimen__d63__i0.50,9,D08,ok,22.87709729996277
B,garch_regimen__d63__i0.50,10,D08,ok,21.649299299984705
B,garch_regimen__d252__i1.00,0,D08,ok,25.78978260001168
B,garch_regimen__d252__i1.00,2,D08,ok,22.836751999973785
B,garch_regimen__d252__i1.00,1,D08,ok,27.642169300001115
B,garch_regimen__d252__i1.00,3,D08,ok,25.17800070001977
B,garch_regimen__d252__i1.00,5,D08,ok,23.447571099968627
B,garch_regimen__d252__i1.00,4,D08,ok,23.565797900024336
B,garch_regimen__d252__i1.00,7,D08,ok,24.49092539999401
B,garch_regimen__d252__i1.00,6,D08,ok,26.502065199951176
B,garch_regimen__d252__i1.00,8,D08,ok,24.23244659998454
B,garch_regimen__d252__i1.00,9,D08,ok,24.031002799980342
B,garch_regimen__d252__i1.00,10,D08,ok,25.866868300014172
B,garch_regimen__d252__i0.50,0,D08,ok,23.92569930001628
B,garch_regimen__d252__i0.50,3,D08,ok,21.15063420002116
B,garch_regimen__d252__i0.50,2,D08,ok,21.698889899998903
B,garch_regimen__d252__i0.50,4,D08,ok,21.296242900018115
B,garch_regimen__d252__i0.50,1,D08,ok,23.48627530003432
B,garch_regimen__d252__i0.50,5,D08,ok,21.020121400011703
B,garch_regimen__d252__i0.50,6,D08,ok,23.62303499999689
B,garch_regimen__d252__i0.50,8,D08,ok,20.52686859999085
B,garch_regimen__d252__i0.50,7,D08,ok,21.551451299979817
B,garch_regimen__d252__i0.50,9,D08,ok,21.023074900032952
B,garch_regimen__d252__i0.50,10,D08,ok,24.013566599984188
B,gaussiano_regimen__d21__i1.00,2,D11,ok,59.04565700003877
B,gaussiano_regimen__d21__i1.00,6,D11,ok,53.85727149999002
B,gaussiano_regimen__d21__i1.00,3,D11,ok,65.24455279996619
B,gaussiano_regimen__d21__i1.00,0,D11,ok,69.51169040001696
B,gaussiano_regimen__d21__i1.00,1,D11,ok,70.73774740000954
B,gaussiano_regimen__d21__i1.00,7,D11,ok,62.08316210005432
B,gaussiano_regimen__d21__i1.00,4,D11,ok,71.66742579999845
B,gaussiano_regimen__d21__i1.00,8,D11,ok,65.1765215000487
B,gaussiano_regimen__d21__i1.00,9,D11,ok,65.62639310001396
B,gaussiano_regimen__d21__i1.00,5,D11,ok,76.30066660000011
B,gaussiano_regimen__d21__i1.00,10,D11,ok,57.96632499998668
B,gaussiano_regimen__d21__i0.50,0,D11,ok,56.984761900035664
B,gaussiano_regimen__d21__i0.50,1,D11,ok,58.43816680001328
B,gaussiano_regimen__d21__i0.50,3,D11,ok,56.91312320000725
B,gaussiano_regimen__d21__i0.50,5,D11,ok,49.59297559998231
B,gaussiano_regimen__d21__i0.50,2,D11,ok,68.04950710001867
B,gaussiano_regimen__d21__i0.50,4,D11,ok,65.7867469000048
B,gaussiano_regimen__d21__i0.50,6,D11,ok,59.8648586999625
B,gaussiano_regimen__d21__i0.50,8,D11,ok,61.22929699998349
B,gaussiano_regimen__d21__i0.50,7,D11,ok,77.09088679996785
B,gaussiano_regimen__d21__i0.50,10,D11,ok,51.88669250003295
B,gaussiano_regimen__d21__i0.50,9,D11,ok,58.2894598999992
B,gaussiano_regimen__d63__i1.00,6,D11,ok,38.69595590000972
B,gaussiano_regimen__d63__i1.00,1,D11,ok,62.11620099999709
B,gaussiano_regimen__d63__i1.00,0,D11,ok,66.37347809999483
B,gaussiano_regimen__d63__i1.00,2,D11,ok,64.50808790000156
B,gaussiano_regimen__d63__i1.00,3,D11,ok,57.228881200018805
B,gaussiano_regimen__d63__i1.00,4,D11,ok,59.10921179997968
B,gaussiano_regimen__d63__i1.00,5,D11,ok,70.27578039997024
B,gaussiano_regimen__d63__i1.00,7,D11,ok,73.01694070000667
B,gaussiano_regimen__d63__i1.00,8,D11,ok,65.17395790002774
B,gaussiano_regimen__d63__i0.50,0,D11,ok,58.62479229999008
B,gaussiano_regimen__d63__i0.50,3,D11,ok,55.50105790002272
B,gaussiano_regimen__d63__i1.00,9,D11,ok,77.14323069999227
B,gaussiano_regimen__d63__i0.50,2,D11,ok,60.83562760002678
B,gaussiano_regimen__d63__i0.50,1,D11,ok,65.4104415999609
B,gaussiano_regimen__d63__i1.00,10,D11,ok,69.2395736000035
B,gaussiano_regimen__d63__i0.50,4,D11,ok,62.7188834999688
B,gaussiano_regimen__d63__i0.50,5,D11,ok,59.018987599993125
B,gaussiano_regimen__d63__i0.50,6,D11,ok,55.01666840002872
B,gaussiano_regimen__d63__i0.50,7,D11,ok,60.13917440001387
B,gaussiano_regimen__d63__i0.50,8,D11,ok,56.19441349996487
B,gaussiano_regimen__d63__i0.50,9,D11,ok,60.504086299974006
B,gaussiano_regimen__d252__i1.00,0,D11,ok,61.38475959998323
B,gaussiano_regimen__d63__i0.50,10,D11,ok,63.103383200010285
B,gaussiano_regimen__d252__i1.00,2,D11,ok,65.07810460001929
B,gaussiano_regimen__d252__i1.00,3,D11,ok,66.15262550004991
B,gaussiano_regimen__d252__i1.00,1,D11,ok,74.20261330000358
B,gaussiano_regimen__d252__i1.00,4,D11,ok,76.39864540001145
B,gaussiano_regimen__d252__i1.00,6,D11,ok,63.49456050002482
B,gaussiano_regimen__d252__i1.00,5,D11,ok,73.82640860002721
B,gaussiano_regimen__d252__i1.00,7,D11,ok,65.40575400000671
B,gaussiano_regimen__d252__i1.00,8,D11,ok,60.73292450001463
B,gaussiano_regimen__d252__i1.00,10,D11,ok,60.77296239999123
B,gaussiano_regimen__d252__i1.00,9,D11,ok,61.83783149998635
B,gaussiano_regimen__d252__i0.50,2,D11,ok,56.23721200000728
B,gaussiano_regimen__d252__i0.50,0,D11,ok,64.82902469998226
B,gaussiano_regimen__d252__i0.50,1,D11,ok,67.22678089997498
B,gaussiano_regimen__d252__i0.50,3,D11,ok,54.7396480999887
B,gaussiano_regimen__d252__i0.50,4,D11,ok,58.54640120000113
B,gaussiano_regimen__d252__i0.50,9,D11,ok,45.99299639998935
B,gaussiano_regimen__d252__i0.50,7,D11,ok,53.73381549998885
B,gaussiano_regimen__d252__i0.50,5,D11,ok,64.56228360004025
B,gaussiano_regimen__d252__i0.50,6,D11,ok,62.13910879998002
B,var_regimen__d21__i1.00,0,D11,ok,46.507718899985775
B,gaussiano_regimen__d252__i0.50,8,D11,ok,65.93763169995509
B,gaussiano_regimen__d252__i0.50,10,D11,ok,58.771567999967374
B,var_regimen__d21__i1.00,1,D11,ok,54.01137269998435
B,var_regimen__d21__i1.00,2,D11,ok,54.29926690005232
B,var_regimen__d21__i1.00,3,D11,ok,54.70698680001078
B,var_regimen__d21__i1.00,4,D11,ok,53.38466480001807
B,var_regimen__d21__i1.00,6,D11,ok,47.01576569996541
B,var_regimen__d21__i1.00,8,D11,ok,51.42053800000576
B,var_regimen__d21__i0.50,0,D11,ok,43.839660300000105
B,var_regimen__d21__i1.00,7,D11,ok,63.08197910001036
B,var_regimen__d21__i1.00,5,D11,ok,71.45262369996635
B,var_regimen__d21__i1.00,10,D11,ok,57.64638239995111
B,var_regimen__d21__i1.00,9,D11,ok,62.62647090002429
B,var_regimen__d21__i0.50,1,D11,ok,51.45783519995166
B,var_regimen__d21__i0.50,2,D11,ok,50.318401199998334
B,var_regimen__d21__i0.50,3,D11,ok,50.903108300000895
B,var_regimen__d21__i0.50,4,D11,ok,50.62488529999973
B,var_regimen__d21__i0.50,6,D11,ok,42.71402590000071
B,var_regimen__d21__i0.50,5,D11,ok,56.733907699992415
B,var_regimen__d21__i0.50,8,D11,ok,49.77737749996595
B,var_regimen__d21__i0.50,7,D11,ok,54.255754800047725
B,var_regimen__d21__i0.50,9,D11,ok,50.14022579998709
B,var_regimen__d63__i1.00,0,D11,ok,59.047122700023465
B,var_regimen__d21__i0.50,10,D11,ok,65.63191130000632
B,var_regimen__d63__i1.00,2,D11,ok,51.85217679996276
B,var_regimen__d63__i1.00,1,D11,ok,58.61177969997516
B,var_regimen__d63__i1.00,4,D11,ok,51.892387599975336
B,var_regimen__d63__i1.00,3,D11,ok,62.28912269999273
B,var_regimen__d63__i1.00,6,D11,ok,53.362044400011655
B,var_regimen__d63__i1.00,5,D11,ok,58.32792080001673
B,var_regimen__d63__i1.00,7,D11,ok,51.8686924999929
B,var_regimen__d63__i1.00,8,D11,ok,57.104773800005205
B,var_regimen__d63__i1.00,9,D11,ok,62.12966789997881
B,var_regimen__d63__i1.00,10,D11,ok,60.76693510002224
B,var_regimen__d63__i0.50,1,D11,ok,47.388030499976594
B,var_regimen__d63__i0.50,0,D11,ok,61.47246180003276
B,var_regimen__d63__i0.50,6,D11,ok,51.35182209999766
B,var_regimen__d63__i0.50,2,D11,ok,65.22544030001154
B,var_regimen__d63__i0.50,3,D11,ok,64.63174260000233
B,var_regimen__d63__i0.50,4,D11,ok,57.47503459994914
B,var_regimen__d63__i0.50,5,D11,ok,58.63724640000146
B,var_regimen__d63__i0.50,7,D11,ok,57.915813600004185
B,var_regimen__d63__i0.50,8,D11,ok,54.05584549997002
B,var_regimen__d63__i0.50,9,D11,ok,56.46333269996103
B,var_regimen__d63__i0.50,10,D11,ok,63.052693100005854
B,var_regimen__d252__i1.00,0,D11,ok,61.822298100043554
B,var_regimen__d252__i1.00,3,D11,ok,58.487805199984
B,var_regimen__d252__i1.00,1,D11,ok,64.84613149997313
B,var_regimen__d252__i1.00,2,D11,ok,64.83006040001055
B,var_regimen__d252__i1.00,4,D11,ok,63.85992870002519
B,var_regimen__d252__i1.00,5,D11,ok,63.78974069998367
B,var_regimen__d252__i1.00,6,D11,ok,61.71967349998886
B,var_regimen__d252__i1.00,8,D11,ok,57.63028129999293
B,var_regimen__d252__i1.00,9,D11,ok,58.73476080002729
B,var_regimen__d252__i1.00,7,D11,ok,75.95740690000821
B,var_regimen__d252__i0.50,1,D11,ok,54.89596930000698
B,var_regimen__d252__i1.00,10,D11,ok,69.70040179998614
B,var_regimen__d252__i0.50,0,D11,ok,62.83108849998098
B,var_regimen__d252__i0.50,2,D11,ok,70.81610050000018
B,var_regimen__d252__i0.50,5,D11,ok,59.55777339998167
B,var_regimen__d252__i0.50,3,D11,ok,72.89924030000111
B,var_regimen__d252__i0.50,4,D11,ok,71.03031489998102
B,var_regimen__d252__i0.50,8,D11,ok,44.94993170001544
B,var_regimen__d252__i0.50,6,D11,ok,65.72657950001303
B,var_regimen__d252__i0.50,7,D11,ok,68.67961649998324
B,garch_regimen__d21__i1.00,0,D11,ok,50.21553230000427
B,var_regimen__d252__i0.50,9,D11,ok,59.0938772999798
B,var_regimen__d252__i0.50,10,D11,ok,60.38593020004919
B,garch_regimen__d21__i1.00,2,D11,ok,51.04132809996372
B,garch_regimen__d21__i1.00,4,D11,ok,48.71993500000099
B,garch_regimen__d21__i1.00,1,D11,ok,58.05232529999921
B,garch_regimen__d21__i1.00,3,D11,ok,53.31911529996432
B,garch_regimen__d21__i1.00,6,D11,ok,56.01139589998638
B,garch_regimen__d21__i1.00,5,D11,ok,67.13159139995696
B,garch_regimen__d21__i1.00,10,D11,ok,47.27064830000745
B,garch_regimen__d21__i1.00,7,D11,ok,60.73444779997226
B,garch_regimen__d21__i0.50,1,D11,ok,48.29430810001213
B,garch_regimen__d21__i1.00,8,D11,ok,66.55963450000854
B,garch_regimen__d21__i1.00,9,D11,ok,66.25001329998486
B,garch_regimen__d21__i0.50,2,D11,ok,54.25214489997597
B,garch_regimen__d21__i0.50,0,D11,ok,61.44679139996879
B,garch_regimen__d21__i0.50,3,D11,ok,61.05165480001597
B,garch_regimen__d21__i0.50,4,D11,ok,62.40825690003112
B,garch_regimen__d21__i0.50,5,D11,ok,60.125032900017686
B,garch_regimen__d21__i0.50,6,D11,ok,54.50143770000432
B,garch_regimen__d21__i0.50,10,D11,ok,42.6208238999825
B,garch_regimen__d21__i0.50,7,D11,ok,58.44079069996951
B,garch_regimen__d21__i0.50,8,D11,ok,60.636464399984106
B,garch_regimen__d21__i0.50,9,D11,ok,59.69453969999449
B,garch_regimen__d63__i1.00,0,D11,ok,60.23738810000941
B,garch_regimen__d63__i1.00,1,D11,ok,60.75512340001296
B,garch_regimen__d63__i1.00,2,D11,ok,55.72885469999164
B,garch_regimen__d63__i1.00,3,D11,ok,45.04218270001002
B,garch_regimen__d63__i1.00,5,D11,ok,44.556104100018274
B,garch_regimen__d63__i1.00,6,D11,ok,52.38221780001186
B,garch_regimen__d63__i1.00,8,D11,ok,44.71414190001087
B,garch_regimen__d63__i1.00,7,D11,ok,60.89966789999744
B,garch_regimen__d63__i1.00,4,D11,ok,71.56445810000878
B,garch_regimen__d63__i1.00,9,D11,ok,54.3941416000016
B,garch_regimen__d63__i0.50,0,D11,ok,48.249992199998815
B,garch_regimen__d63__i0.50,1,D11,ok,55.39580340002431
B,garch_regimen__d63__i0.50,3,D11,ok,42.62314389995299
B,garch_regimen__d63__i0.50,2,D11,ok,57.57793490000768
B,garch_regimen__d63__i0.50,5,D11,ok,38.288592000026256
B,garch_regimen__d63__i1.00,10,D11,ok,76.21229999995558
B,garch_regimen__d63__i0.50,8,D11,ok,44.50380740000401
B,garch_regimen__d63__i0.50,6,D11,ok,52.52540869999211
B,garch_regimen__d63__i0.50,7,D11,ok,52.15907180000795
B,garch_regimen__d63__i0.50,9,D11,ok,46.3484723000438
B,garch_regimen__d63__i0.50,4,D11,ok,70.27305809996324
B,garch_regimen__d252__i1.00,0,D11,ok,52.631720200006384
B,garch_regimen__d63__i0.50,10,D11,ok,57.47630239999853
B,garch_regimen__d252__i1.00,2,D11,ok,52.54751730000135
B,garch_regimen__d252__i1.00,1,D11,ok,58.66515190002974
B,garch_regimen__d252__i1.00,3,D11,ok,66.13624409999466
B,garch_regimen__d252__i1.00,6,D11,ok,59.47295900003519
B,garch_regimen__d252__i1.00,7,D11,ok,58.96951760002412
B,garch_regimen__d252__i1.00,8,D11,ok,59.598609999986365
B,garch_regimen__d252__i1.00,4,D11,ok,75.56073309999192
B,garch_regimen__d252__i1.00,5,D11,ok,73.02925429999596
B,garch_regimen__d252__i1.00,10,D11,ok,53.70889469998656
B,garch_regimen__d252__i1.00,9,D11,ok,59.14884829998482
B,garch_regimen__d252__i0.50,0,D11,ok,53.94984999997541
B,garch_regimen__d252__i0.50,1,D11,ok,62.85683960001916
B,gaussiano_regimen__d21__i1.00,0,D12,ok,10.236697900050784
B,garch_regimen__d252__i0.50,2,D11,ok,60.679426999995485
B,gaussiano_regimen__d21__i1.00,1,D12,ok,10.076939000049606
B,gaussiano_regimen__d21__i1.00,2,D12,ok,9.851410800009036
B,garch_regimen__d252__i0.50,9,D11,ok,44.23373949999223
B,garch_regimen__d252__i0.50,3,D11,ok,63.05547030002344
B,garch_regimen__d252__i0.50,6,D11,ok,53.46932390000438
B,garch_regimen__d252__i0.50,8,D11,ok,57.86067590001039
B,gaussiano_regimen__d21__i1.00,4,D12,ok,13.145703699963631
B,garch_regimen__d252__i0.50,4,D11,ok,71.0393683000002
B,gaussiano_regimen__d21__i1.00,3,D12,ok,14.124513100017792
B,gaussiano_regimen__d21__i1.00,5,D12,ok,13.971281100006308
B,garch_regimen__d252__i0.50,5,D11,ok,69.31852969998727
B,gaussiano_regimen__d21__i1.00,6,D12,ok,13.432049700000787
B,gaussiano_regimen__d21__i1.00,7,D12,ok,12.723093800013883
B,garch_regimen__d252__i0.50,7,D11,ok,67.04742200003238
B,garch_regimen__d252__i0.50,10,D11,ok,56.63880600000266
B,gaussiano_regimen__d21__i1.00,9,D12,ok,11.514232100045774
B,gaussiano_regimen__d21__i0.50,0,D12,ok,11.456972899963148
B,gaussiano_regimen__d21__i1.00,8,D12,ok,12.19481379998615
B,gaussiano_regimen__d21__i1.00,10,D12,ok,12.229156300018076
B,gaussiano_regimen__d21__i0.50,2,D12,ok,10.84605620004004
B,gaussiano_regimen__d21__i0.50,1,D12,ok,11.225200499990024
B,gaussiano_regimen__d21__i0.50,3,D12,ok,12.016047700017223
B,gaussiano_regimen__d21__i0.50,4,D12,ok,13.27338529995177
B,gaussiano_regimen__d21__i0.50,5,D12,ok,11.814468100026716
B,gaussiano_regimen__d21__i0.50,6,D12,ok,12.401329100015571
B,gaussiano_regimen__d21__i0.50,10,D12,ok,11.67126139998436
B,gaussiano_regimen__d21__i0.50,8,D12,ok,12.666951399995014
B,gaussiano_regimen__d21__i0.50,7,D12,ok,13.01231820002431
B,gaussiano_regimen__d21__i0.50,9,D12,ok,12.678401499986649
B,gaussiano_regimen__d63__i1.00,0,D12,ok,11.48184319998836
B,gaussiano_regimen__d63__i1.00,1,D12,ok,11.80397130001802
B,gaussiano_regimen__d63__i1.00,2,D12,ok,13.57151330000488
B,gaussiano_regimen__d63__i1.00,3,D12,ok,12.04326869995566
B,gaussiano_regimen__d63__i1.00,4,D12,ok,13.345778599963523
B,gaussiano_regimen__d63__i1.00,5,D12,ok,11.487174800015056
B,gaussiano_regimen__d63__i1.00,6,D12,ok,11.367185800045265
B,gaussiano_regimen__d63__i1.00,8,D12,ok,11.10532690002583
B,gaussiano_regimen__d63__i1.00,9,D12,ok,11.265004199987745
B,gaussiano_regimen__d63__i1.00,7,D12,ok,12.515769099991305
B,gaussiano_regimen__d63__i1.00,10,D12,ok,11.393024899996815
B,gaussiano_regimen__d63__i0.50,0,D12,ok,11.574369099980686
B,gaussiano_regimen__d63__i0.50,1,D12,ok,11.801500400004445
B,gaussiano_regimen__d63__i0.50,2,D12,ok,11.976244699966628
B,gaussiano_regimen__d63__i0.50,3,D12,ok,12.60758390004048
B,gaussiano_regimen__d63__i0.50,6,D12,ok,12.567885499971451
B,gaussiano_regimen__d63__i0.50,5,D12,ok,13.020002200035378
B,gaussiano_regimen__d63__i0.50,7,D12,ok,12.601029000012204
B,gaussiano_regimen__d63__i0.50,4,D12,ok,14.553357999946456
B,gaussiano_regimen__d63__i0.50,8,D12,ok,12.292329599964432
B,gaussiano_regimen__d63__i0.50,9,D12,ok,12.280744099989532
B,gaussiano_regimen__d63__i0.50,10,D12,ok,13.472554299980402
B,gaussiano_regimen__d252__i1.00,0,D12,ok,13.890070600027684
B,gaussiano_regimen__d252__i1.00,1,D12,ok,13.929204899992328
B,gaussiano_regimen__d252__i1.00,2,D12,ok,13.279190599976571
B,gaussiano_regimen__d252__i1.00,4,D12,ok,11.379241999995427
B,gaussiano_regimen__d252__i1.00,5,D12,ok,12.143957299995236
B,gaussiano_regimen__d252__i1.00,6,D12,ok,12.177083500020672
B,gaussiano_regimen__d252__i1.00,3,D12,ok,12.661801500013098
B,gaussiano_regimen__d252__i1.00,7,D12,ok,12.602766799973324
B,gaussiano_regimen__d252__i1.00,8,D12,ok,12.483540899993386
B,gaussiano_regimen__d252__i1.00,9,D12,ok,10.908287600032054
B,gaussiano_regimen__d252__i1.00,10,D12,ok,12.515353099966887
B,gaussiano_regimen__d252__i0.50,0,D12,ok,12.046901799971238
B,gaussiano_regimen__d252__i0.50,1,D12,ok,11.174521300010383
B,gaussiano_regimen__d252__i0.50,2,D12,ok,11.258635700040031
B,gaussiano_regimen__d252__i0.50,5,D12,ok,11.107157099992037
B,gaussiano_regimen__d252__i0.50,4,D12,ok,11.877142899960743
B,gaussiano_regimen__d252__i0.50,3,D12,ok,12.223131800012196
B,gaussiano_regimen__d252__i0.50,6,D12,ok,11.939447200042196
B,gaussiano_regimen__d252__i0.50,7,D12,ok,12.067256600013934
B,gaussiano_regimen__d252__i0.50,8,D12,ok,12.375957100011874
B,gaussiano_regimen__d252__i0.50,9,D12,ok,11.406073500053026
B,gaussiano_regimen__d252__i0.50,10,D12,ok,11.915442399971653
B,var_regimen__d21__i1.00,0,D12,ok,11.620139899954664
B,var_regimen__d21__i1.00,1,D12,ok,11.557903399982024
B,var_regimen__d21__i1.00,2,D12,ok,12.163702699996064
B,var_regimen__d21__i1.00,3,D12,ok,11.74994870001683
B,var_regimen__d21__i1.00,4,D12,ok,12.084144299966283
B,var_regimen__d21__i1.00,7,D12,ok,10.288308200018946
B,var_regimen__d21__i1.00,6,D12,ok,11.478424700035248
B,var_regimen__d21__i1.00,5,D12,ok,12.48262349999277
B,var_regimen__d21__i1.00,10,D12,ok,10.680216300010215
B,var_regimen__d21__i1.00,8,D12,ok,12.370775100018363
B,var_regimen__d21__i0.50,0,D12,ok,11.102839999948628
B,var_regimen__d21__i1.00,9,D12,ok,11.979691200016532
B,var_regimen__d21__i0.50,1,D12,ok,11.554662599985022
B,var_regimen__d21__i0.50,2,D12,ok,11.93808709998848
B,var_regimen__d21__i0.50,3,D12,ok,11.49366929999087
B,var_regimen__d21__i0.50,6,D12,ok,10.943841899977995
B,var_regimen__d21__i0.50,4,D12,ok,12.587927799962928
B,var_regimen__d21__i0.50,5,D12,ok,11.867829800001346
B,var_regimen__d21__i0.50,7,D12,ok,12.244900799996683
B,var_regimen__d21__i0.50,8,D12,ok,12.665448200015817
B,var_regimen__d21__i0.50,10,D12,ok,12.215177099977154
B,var_regimen__d21__i0.50,9,D12,ok,13.235958400007805
B,var_regimen__d63__i1.00,2,D12,ok,10.66899169998942
B,var_regimen__d63__i1.00,0,D12,ok,10.97422450000886
B,var_regimen__d63__i1.00,1,D12,ok,11.7739150999696
B,var_regimen__d63__i1.00,3,D12,ok,11.460245800029952
B,var_regimen__d63__i1.00,5,D12,ok,10.939558100013528
B,var_regimen__d63__i1.00,4,D12,ok,11.994418899994344
B,var_regimen__d63__i1.00,6,D12,ok,10.593441999983042
B,var_regimen__d63__i1.00,7,D12,ok,10.342147400020622
B,var_regimen__d63__i1.00,10,D12,ok,9.76558720000321
B,var_regimen__d63__i1.00,8,D12,ok,11.332700899976771
B,var_regimen__d63__i1.00,9,D12,ok,10.85430120001547
B,var_regimen__d63__i0.50,4,D12,ok,10.146879100007936
B,var_regimen__d63__i0.50,2,D12,ok,10.97045620001154
B,var_regimen__d63__i0.50,0,D12,ok,11.058140499982985
B,var_regimen__d63__i0.50,1,D12,ok,11.731822000001555
B,var_regimen__d63__i0.50,3,D12,ok,12.439752599981148
B,var_regimen__d63__i0.50,5,D12,ok,11.232763200008776
B,var_regimen__d63__i0.50,6,D12,ok,12.275392699986696
B,var_regimen__d63__i0.50,8,D12,ok,11.418777299986688
B,var_regimen__d63__i0.50,7,D12,ok,11.707543099997563
B,var_regimen__d63__i0.50,9,D12,ok,11.86551779997535
B,var_regimen__d252__i1.00,0,D12,ok,10.483399299962912
B,var_regimen__d252__i1.00,1,D12,ok,10.320889400027228
B,var_regimen__d63__i0.50,10,D12,ok,11.858214999956544
B,var_regimen__d252__i1.00,2,D12,ok,10.845659400045406
B,var_regimen__d252__i1.00,3,D12,ok,11.665285199997015
B,var_regimen__d252__i1.00,4,D12,ok,12.163685899984555
B,var_regimen__d252__i1.00,5,D12,ok,12.937954000022728
B,var_regimen__d252__i1.00,7,D12,ok,12.70476900000358
B,var_regimen__d252__i1.00,6,D12,ok,13.126088999968488
B,var_regimen__d252__i1.00,8,D12,ok,12.91923559998395
B,var_regimen__d252__i0.50,0,D12,ok,12.525147599983027
B,var_regimen__d252__i1.00,9,D12,ok,14.378331299987622
B,var_regimen__d252__i1.00,10,D12,ok,14.376202300016304
B,var_regimen__d252__i0.50,1,D12,ok,13.424661999975797
B,var_regimen__d252__i0.50,2,D12,ok,13.289369299949612
B,var_regimen__d252__i0.50,3,D12,ok,12.492534700024407
B,var_regimen__d252__i0.50,4,D12,ok,12.570422800024971
B,var_regimen__d252__i0.50,6,D12,ok,12.657283999957144
B,var_regimen__d252__i0.50,5,D12,ok,14.246495299972594
B,garch_regimen__d21__i1.00,0,D12,ok,11.25392429996282
B,var_regimen__d252__i0.50,8,D12,ok,12.630970700003672
B,var_regimen__d252__i0.50,7,D12,ok,14.213724800036289
B,var_regimen__d252__i0.50,10,D12,ok,12.556647299963515
B,var_regimen__d252__i0.50,9,D12,ok,13.245675899961498
B,garch_regimen__d21__i1.00,1,D12,ok,12.886662099976093
B,garch_regimen__d21__i1.00,2,D12,ok,11.667577999993227
B,garch_regimen__d21__i1.00,3,D12,ok,12.816978699993342
B,garch_regimen__d21__i1.00,4,D12,ok,14.024213500029871
B,garch_regimen__d21__i1.00,7,D12,ok,12.368700699997136
B,garch_regimen__d21__i1.00,9,D12,ok,12.117588500026612
B,garch_regimen__d21__i1.00,5,D12,ok,14.856986100028736
B,garch_regimen__d21__i0.50,0,D12,ok,11.76932120003039
B,garch_regimen__d21__i1.00,8,D12,ok,14.30391190003138
B,garch_regimen__d21__i1.00,6,D12,ok,16.294106099987403
B,garch_regimen__d21__i1.00,10,D12,ok,15.051815500017256
B,garch_regimen__d21__i0.50,1,D12,ok,12.672711700026412
B,garch_regimen__d21__i0.50,2,D12,ok,11.456108299957124
B,garch_regimen__d21__i0.50,3,D12,ok,11.250074300041888
B,garch_regimen__d21__i0.50,7,D12,ok,11.889804200036451
B,garch_regimen__d21__i0.50,4,D12,ok,14.08207649999531
B,garch_regimen__d21__i0.50,5,D12,ok,15.29755140002817
B,garch_regimen__d21__i0.50,8,D12,ok,13.826161799952388
B,garch_regimen__d21__i0.50,9,D12,ok,12.53650710004149
B,garch_regimen__d21__i0.50,6,D12,ok,16.210584500047844
B,garch_regimen__d21__i0.50,10,D12,ok,14.195200600021051
B,garch_regimen__d63__i1.00,0,D12,ok,13.08367459999863
B,garch_regimen__d63__i1.00,1,D12,ok,11.832922400033569
B,garch_regimen__d63__i1.00,2,D12,ok,11.65507770003751
B,garch_regimen__d63__i1.00,4,D12,ok,10.612041399988811
B,garch_regimen__d63__i1.00,3,D12,ok,10.893362600007094
B,garch_regimen__d63__i1.00,6,D12,ok,10.63686199998483
B,garch_regimen__d63__i1.00,7,D12,ok,11.445553299970925
B,garch_regimen__d63__i1.00,5,D12,ok,12.119221200002356
B,garch_regimen__d63__i1.00,8,D12,ok,10.934688500012273
B,garch_regimen__d63__i1.00,9,D12,ok,11.358060200000182
B,garch_regimen__d63__i1.00,10,D12,ok,10.7237367000198
B,garch_regimen__d63__i0.50,0,D12,ok,12.596246300032362
B,garch_regimen__d63__i0.50,1,D12,ok,11.903177800006231
B,garch_regimen__d63__i0.50,2,D12,ok,11.629111399990506
B,garch_regimen__d63__i0.50,3,D12,ok,11.62199650000548
B,garch_regimen__d63__i0.50,4,D12,ok,11.830853699997531
B,garch_regimen__d63__i0.50,6,D12,ok,11.919826600002123
B,garch_regimen__d63__i0.50,7,D12,ok,12.520535099960398
B,garch_regimen__d63__i0.50,8,D12,ok,11.912640599999577
B,garch_regimen__d63__i0.50,5,D12,ok,14.290583900001366
B,garch_regimen__d63__i0.50,9,D12,ok,12.38011029997142
B,garch_regimen__d63__i0.50,10,D12,ok,11.001850400003605
B,garch_regimen__d252__i1.00,0,D12,ok,11.924017500015909
B,garch_regimen__d252__i1.00,1,D12,ok,11.52659780002432
B,garch_regimen__d252__i1.00,3,D12,ok,11.70568039995851
B,garch_regimen__d252__i1.00,2,D12,ok,14.266002399963329
B,garch_regimen__d252__i1.00,4,D12,ok,11.028027200023644
B,garch_regimen__d252__i1.00,5,D12,ok,10.838961900037248
B,garch_regimen__d252__i1.00,7,D12,ok,10.33183859998826
B,garch_regimen__d252__i1.00,8,D12,ok,11.225418200017884
B,garch_regimen__d252__i1.00,6,D12,ok,12.976304300012998
B,garch_regimen__d252__i1.00,9,D12,ok,10.36601089994656
B,garch_regimen__d252__i1.00,10,D12,ok,9.889208299980965
B,garch_regimen__d252__i0.50,0,D12,ok,9.812184999987949
B,garch_regimen__d252__i0.50,1,D12,ok,9.57163630001014
B,gaussiano_regimen__d21__i1.00,0,D01,ok,0.916603599966038
B,garch_regimen__d252__i0.50,3,D12,ok,10.384771100012586
B,gaussiano_regimen__d21__i1.00,1,D01,ok,0.7566679000156
B,gaussiano_regimen__d21__i1.00,2,D01,ok,0.7129084999905899
B,garch_regimen__d252__i0.50,4,D12,ok,10.17261770000914
B,garch_regimen__d252__i0.50,5,D12,ok,10.190776200033724
B,gaussiano_regimen__d21__i1.00,3,D01,ok,0.8064116999739781
B,gaussiano_regimen__d21__i1.00,5,D01,ok,0.7533600000315346
B,garch_regimen__d252__i0.50,2,D12,ok,12.737357400008475
B,gaussiano_regimen__d21__i1.00,6,D01,ok,0.8806031999993138
B,gaussiano_regimen__d21__i1.00,4,D01,ok,0.8342537999851629
B,garch_regimen__d252__i0.50,7,D12,ok,9.83091969997622
B,gaussiano_regimen__d21__i1.00,9,D01,ok,0.7944473000243306
B,gaussiano_regimen__d21__i1.00,7,D01,ok,0.8154435000033118
B,gaussiano_regimen__d21__i1.00,10,D01,ok,0.7888749000267126
B,gaussiano_regimen__d21__i0.50,0,D01,ok,0.8060977000277489
B,gaussiano_regimen__d21__i1.00,8,D01,ok,0.8393038000212982
B,gaussiano_regimen__d21__i0.50,1,D01,ok,0.968126600026153
B,gaussiano_regimen__d21__i0.50,2,D01,ok,0.802442800020799
B,gaussiano_regimen__d21__i0.50,4,D01,ok,0.8755464000278153
B,gaussiano_regimen__d21__i0.50,6,D01,ok,0.9429717999882996
B,gaussiano_regimen__d21__i0.50,5,D01,ok,0.9694172999588772
B,gaussiano_regimen__d21__i0.50,3,D01,ok,1.1900175000191666
B,garch_regimen__d252__i0.50,6,D12,ok,11.45741299999645
B,gaussiano_regimen__d21__i0.50,8,D01,ok,0.868961300002411
B,gaussiano_regimen__d21__i0.50,7,D01,ok,0.9155337000265718
B,gaussiano_regimen__d21__i0.50,9,D01,ok,0.8994382999953814
B,gaussiano_regimen__d21__i0.50,10,D01,ok,0.8602949000196531
B,gaussiano_regimen__d63__i1.00,0,D01,ok,0.833990300016012
B,gaussiano_regimen__d63__i1.00,1,D01,ok,0.842964600014966
B,gaussiano_regimen__d63__i1.00,2,D01,ok,0.846829499991145
B,gaussiano_regimen__d63__i1.00,4,D01,ok,0.8538693000446074
B,garch_regimen__d252__i0.50,9,D12,ok,10.61398950003786
B,gaussiano_regimen__d63__i1.00,3,D01,ok,0.9074100999860092
B,gaussiano_regimen__d63__i1.00,5,D01,ok,0.8258454999886453
B,gaussiano_regimen__d63__i1.00,7,D01,ok,0.8082409000489861
B,gaussiano_regimen__d63__i1.00,6,D01,ok,0.8597051000106148
B,gaussiano_regimen__d63__i1.00,8,D01,ok,0.7871317999670282
B,garch_regimen__d252__i0.50,8,D12,ok,11.936951900017448
B,gaussiano_regimen__d63__i1.00,9,D01,ok,0.781663200003095
B,gaussiano_regimen__d63__i0.50,0,D01,ok,0.7796569999773055
B,gaussiano_regimen__d63__i1.00,10,D01,ok,0.816336499992758
B,gaussiano_regimen__d63__i0.50,1,D01,ok,0.7945529000135139
B,gaussiano_regimen__d63__i0.50,2,D01,ok,0.7663965999963693
B,gaussiano_regimen__d63__i0.50,3,D01,ok,0.7699584999936633
B,gaussiano_regimen__d63__i0.50,4,D01,ok,0.8111654999665916
B,gaussiano_regimen__d63__i0.50,5,D01,ok,0.7571234999923036
B,gaussiano_regimen__d63__i0.50,7,D01,ok,0.8568478000233881
B,gaussiano_regimen__d63__i0.50,6,D01,ok,0.8693229000200517
B,gaussiano_regimen__d63__i0.50,10,D01,ok,0.7909366000094451
B,gaussiano_regimen__d63__i0.50,8,D01,ok,0.8361449000076391
B,gaussiano_regimen__d63__i0.50,9,D01,ok,0.8529389000032097
B,gaussiano_regimen__d252__i1.00,0,D01,ok,0.8447461000178009
B,gaussiano_regimen__d252__i1.00,2,D01,ok,0.7965707000112161
B,gaussiano_regimen__d252__i1.00,1,D01,ok,0.8921275000320747
B,gaussiano_regimen__d252__i1.00,3,D01,ok,0.8134859999991022
B,garch_regimen__d252__i0.50,10,D12,ok,11.255758999963293
B,gaussiano_regimen__d252__i1.00,4,D01,ok,0.8850977999973111
B,gaussiano_regimen__d252__i1.00,5,D01,ok,0.9019420999684372
B,gaussiano_regimen__d252__i1.00,8,D01,ok,0.7739640999934636
B,gaussiano_regimen__d252__i1.00,6,D01,ok,0.8500230999779887
B,gaussiano_regimen__d252__i1.00,7,D01,ok,0.9468118000077084
B,gaussiano_regimen__d252__i1.00,9,D01,ok,0.9140862999483944
B,gaussiano_regimen__d252__i0.50,1,D01,ok,0.8970745999831706
B,gaussiano_regimen__d252__i0.50,0,D01,ok,0.9486910999985412
B,gaussiano_regimen__d252__i1.00,10,D01,ok,1.0475898999720812
B,gaussiano_regimen__d252__i0.50,2,D01,ok,0.9211750000249594
B,gaussiano_regimen__d252__i0.50,3,D01,ok,0.8376947999931872
B,gaussiano_regimen__d252__i0.50,4,D01,ok,0.8440848999889567
B,gaussiano_regimen__d252__i0.50,6,D01,ok,0.8256790000014007
B,gaussiano_regimen__d252__i0.50,5,D01,ok,0.8641908999998122
B,gaussiano_regimen__d252__i0.50,7,D01,ok,0.8841017999802716
B,gaussiano_regimen__d252__i0.50,8,D01,ok,0.8486971999518573
B,gaussiano_regimen__d252__i0.50,10,D01,ok,0.7618662000168115
B,gaussiano_regimen__d252__i0.50,9,D01,ok,0.8404373999801464
B,var_regimen__d21__i1.00,0,D01,ok,0.785048000048846
B,var_regimen__d21__i1.00,1,D01,ok,0.7748389000189491
B,var_regimen__d21__i1.00,3,D01,ok,0.7640164000331424
B,var_regimen__d21__i1.00,2,D01,ok,0.7843862000154331
B,var_regimen__d21__i1.00,4,D01,ok,0.8219580999575555
B,var_regimen__d21__i1.00,5,D01,ok,0.8085843999870121
B,var_regimen__d21__i1.00,7,D01,ok,0.7653388999751769
B,var_regimen__d21__i1.00,6,D01,ok,0.8724959999672137
B,var_regimen__d21__i1.00,8,D01,ok,0.801918699988164
B,var_regimen__d21__i1.00,9,D01,ok,0.8272935999557376
B,var_regimen__d21__i1.00,10,D01,ok,0.8154535000212491
B,var_regimen__d21__i0.50,0,D01,ok,0.9048425999935716
B,var_regimen__d21__i0.50,2,D01,ok,0.8527351999655366
B,var_regimen__d21__i0.50,1,D01,ok,1.0482331999810413
B,var_regimen__d21__i0.50,5,D01,ok,0.8035835999762639
B,var_regimen__d21__i0.50,4,D01,ok,0.8303067999659106
B,var_regimen__d21__i0.50,3,D01,ok,0.8291408999939449
B,var_regimen__d21__i0.50,6,D01,ok,0.7781470000045374
B,var_regimen__d21__i0.50,7,D01,ok,0.8423512000008486
B,var_regimen__d21__i0.50,8,D01,ok,0.8298618000117131
B,var_regimen__d21__i0.50,9,D01,ok,0.77486039994983
B,var_regimen__d21__i0.50,10,D01,ok,0.7905870000249706
B,var_regimen__d63__i1.00,0,D01,ok,0.7838832999696024
B,var_regimen__d63__i1.00,1,D01,ok,0.7652918999665417
B,var_regimen__d63__i1.00,4,D01,ok,0.7866020000074059
B,var_regimen__d63__i1.00,3,D01,ok,0.8018558999756351
B,var_regimen__d63__i1.00,2,D01,ok,0.814136500004679
B,var_regimen__d63__i1.00,5,D01,ok,0.8204011000343598
B,var_regimen__d63__i1.00,6,D01,ok,0.7960478999884799
B,var_regimen__d63__i1.00,8,D01,ok,0.7796123000443913
B,var_regimen__d63__i1.00,7,D01,ok,0.7994522000080906
B,var_regimen__d63__i1.00,10,D01,ok,0.7778856999939308
B,var_regimen__d63__i1.00,9,D01,ok,1.033331700018607
B,var_regimen__d63__i0.50,1,D01,ok,0.7688057000050321
B,var_regimen__d63__i0.50,2,D01,ok,0.763501700013876
B,var_regimen__d63__i0.50,0,D01,ok,0.8001261000172235
B,var_regimen__d63__i0.50,3,D01,ok,0.7576909000054002
B,var_regimen__d63__i0.50,4,D01,ok,0.7837965000071563
B,var_regimen__d63__i0.50,5,D01,ok,0.7696854000096209
B,var_regimen__d63__i0.50,7,D01,ok,0.7808072000043467
B,var_regimen__d63__i0.50,6,D01,ok,1.011344700003974
B,var_regimen__d63__i0.50,8,D01,ok,0.7898523000185378
B,var_regimen__d63__i0.50,9,D01,ok,0.843614500015974
B,var_regimen__d252__i1.00,0,D01,ok,0.7639676000108011
B,var_regimen__d63__i0.50,10,D01,ok,0.7902673999778926
B,var_regimen__d252__i1.00,2,D01,ok,0.7797055999981239
B,var_regimen__d252__i1.00,1,D01,ok,0.804153100005351
B,var_regimen__d252__i1.00,3,D01,ok,0.7792264999588951
B,var_regimen__d252__i1.00,5,D01,ok,0.7148525000084192
B,var_regimen__d252__i1.00,4,D01,ok,0.8151544000138529
B,var_regimen__d252__i1.00,6,D01,ok,0.8054888000478968
B,var_regimen__d252__i1.00,7,D01,ok,0.8182804000098258
B,var_regimen__d252__i1.00,8,D01,ok,0.7304972000420094
B,var_regimen__d252__i1.00,9,D01,ok,0.7785612000152469
B,var_regimen__d252__i0.50,1,D01,ok,0.7676218000124209
B,var_regimen__d252__i1.00,10,D01,ok,0.8495352000463754
B,var_regimen__d252__i0.50,0,D01,ok,0.8679666999960318
B,var_regimen__d252__i0.50,2,D01,ok,0.8502398999989964
B,var_regimen__d252__i0.50,3,D01,ok,0.8748867000103928
B,var_regimen__d252__i0.50,4,D01,ok,0.8532515999977477
B,var_regimen__d252__i0.50,5,D01,ok,0.8175776999560185
B,var_regimen__d252__i0.50,6,D01,ok,0.7748051999951713
B,var_regimen__d252__i0.50,7,D01,ok,0.8159669999731705
B,var_regimen__d252__i0.50,8,D01,ok,0.8112320000072941
B,var_regimen__d252__i0.50,9,D01,ok,0.8031731000519358
B,var_regimen__d252__i0.50,10,D01,ok,0.7955306000076234
B,garch_regimen__d21__i1.00,0,D01,ok,0.8321555000147782
B,garch_regimen__d21__i1.00,2,D01,ok,0.8169897000188939
B,garch_regimen__d21__i1.00,1,D01,ok,0.9104846999980508
B,garch_regimen__d21__i1.00,3,D01,ok,0.939007400011178
B,garch_regimen__d21__i1.00,4,D01,ok,0.8472391000250354
B,garch_regimen__d21__i1.00,5,D01,ok,0.9973923999932596
B,garch_regimen__d21__i1.00,8,D01,ok,0.8361124999937601
B,garch_regimen__d21__i1.00,9,D01,ok,0.8499698999803513
B,garch_regimen__d21__i1.00,6,D01,ok,1.084629599994514
B,garch_regimen__d21__i1.00,7,D01,ok,0.9420434999628924
B,garch_regimen__d21__i1.00,10,D01,ok,0.8741124999942258
B,garch_regimen__d21__i0.50,1,D01,ok,0.8676468000048772
B,garch_regimen__d21__i0.50,0,D01,ok,0.9279040000401436
B,garch_regimen__d21__i0.50,2,D01,ok,0.8109303999808617
B,garch_regimen__d21__i0.50,3,D01,ok,0.8574946000007913
B,garch_regimen__d21__i0.50,4,D01,ok,0.8110193999600597
B,garch_regimen__d21__i0.50,5,D01,ok,0.7885577999986708
B,garch_regimen__d63__i1.00,1,D01,ok,0.6832195000024512
B,garch_regimen__d21__i0.50,10,D01,ok,0.6826566999661736
B,garch_regimen__d21__i0.50,9,D01,ok,0.705725000007078
B,garch_regimen__d21__i0.50,7,D01,ok,0.7734459000057541
B,garch_regimen__d21__i0.50,8,D01,ok,0.7650484999758191
B,garch_regimen__d63__i1.00,0,D01,ok,0.6771306000300683
B,garch_regimen__d21__i0.50,6,D01,ok,0.7859405999770388
B,garch_regimen__d63__i1.00,3,D01,ok,0.6275402999599464
B,garch_regimen__d63__i1.00,6,D01,ok,0.7417237000190653
B,garch_regimen__d63__i1.00,2,D01,ok,0.7535019999486394
B,garch_regimen__d63__i1.00,9,D01,ok,0.7621876999619417
B,garch_regimen__d63__i1.00,7,D01,ok,0.7788769000326283
B,garch_regimen__d63__i0.50,0,D01,ok,0.7793819999787956
B,garch_regimen__d63__i1.00,10,D01,ok,0.8293247999972664
B,garch_regimen__d63__i1.00,4,D01,ok,0.8506725000333972
B,garch_regimen__d63__i1.00,5,D01,ok,0.8478879000176676
B,garch_regimen__d63__i1.00,8,D01,ok,0.8567072000005282
B,garch_regimen__d63__i0.50,1,D01,ok,0.8119085999787785
B,garch_regimen__d63__i0.50,3,D01,ok,0.801869600021746
B,garch_regimen__d63__i0.50,5,D01,ok,0.8383361999876797
B,garch_regimen__d63__i0.50,2,D01,ok,0.8775436999858357
B,garch_regimen__d63__i0.50,6,D01,ok,0.8247436999808997
B,garch_regimen__d63__i0.50,4,D01,ok,0.8876005000201985
B,garch_regimen__d63__i0.50,7,D01,ok,0.8519517999957316
B,garch_regimen__d63__i0.50,8,D01,ok,0.8482323999633081
B,garch_regimen__d63__i0.50,10,D01,ok,0.8543176999664865
B,garch_regimen__d63__i0.50,9,D01,ok,0.8651215999852866
B,garch_regimen__d252__i1.00,0,D01,ok,0.8760705000022426
B,garch_regimen__d252__i1.00,1,D01,ok,0.8071485999971628
B,garch_regimen__d252__i1.00,2,D01,ok,0.7915190999628976
B,garch_regimen__d252__i1.00,5,D01,ok,0.7873774999752641
B,garch_regimen__d252__i1.00,6,D01,ok,0.7969341000425629
B,garch_regimen__d252__i1.00,9,D01,ok,0.7818532999954186
B,garch_regimen__d252__i1.00,4,D01,ok,0.8688336000195704
B,garch_regimen__d252__i1.00,7,D01,ok,0.8020842999685556
B,garch_regimen__d252__i1.00,8,D01,ok,0.8353850999847054
B,garch_regimen__d252__i1.00,3,D01,ok,0.9864888000302016
B,garch_regimen__d252__i1.00,10,D01,ok,0.8041487999726087
B,garch_regimen__d252__i0.50,1,D01,ok,0.8222345000249334
B,garch_regimen__d252__i0.50,2,D01,ok,0.8754721999866888
B,garch_regimen__d252__i0.50,3,D01,ok,0.8530724000302143
B,garch_regimen__d252__i0.50,4,D01,ok,0.8884699000045657
B,garch_regimen__d252__i0.50,6,D01,ok,0.9260965999565088
B,garch_regimen__d252__i0.50,5,D01,ok,1.0216172999935225
B,garch_regimen__d252__i0.50,7,D01,ok,1.0573844999889843
B,garch_regimen__d252__i0.50,0,D01,ok,1.4291992000071332
B,garch_regimen__d252__i0.50,8,D01,ok,1.2924393999855963
B,garch_regimen__d252__i0.50,9,D01,ok,1.1915736999944784
B,garch_regimen__d252__i0.50,10,D01,ok,1.5272167999646626
B,gaussiano_regimen__d21__i1.00,3,D03,ok,22.787989099975675
B,gaussiano_regimen__d21__i1.00,9,D03,ok,24.329913199995644
B,gaussiano_regimen__d21__i1.00,4,D03,ok,25.82978390000062
B,gaussiano_regimen__d21__i1.00,0,D03,ok,26.35863239999162
B,gaussiano_regimen__d21__i1.00,2,D03,ok,30.65665650001029
B,gaussiano_regimen__d21__i1.00,8,D03,ok,30.15501139999833
B,gaussiano_regimen__d21__i1.00,5,D03,ok,30.76390670001274
B,gaussiano_regimen__d21__i1.00,1,D03,ok,31.496598700003236
B,gaussiano_regimen__d21__i1.00,6,D03,ok,34.73983660002705
B,gaussiano_regimen__d21__i1.00,7,D03,ok,36.59913089999464
B,gaussiano_regimen__d21__i1.00,10,D03,ok,23.63314900000114
B,gaussiano_regimen__d21__i0.50,0,D03,ok,26.92732709995471
B,gaussiano_regimen__d21__i0.50,4,D03,ok,27.23017210001126
B,gaussiano_regimen__d21__i0.50,1,D03,ok,32.47306170000229
B,gaussiano_regimen__d21__i0.50,5,D03,ok,27.541720300039746
B,gaussiano_regimen__d21__i0.50,8,D03,ok,23.26253900001757
B,gaussiano_regimen__d21__i0.50,3,D03,ok,30.11787469999399
B,gaussiano_regimen__d21__i0.50,6,D03,ok,30.21863909997046
B,gaussiano_regimen__d21__i0.50,2,D03,ok,36.33764859999064
B,gaussiano_regimen__d63__i1.00,3,D03,ok,13.43945689999964
B,gaussiano_regimen__d21__i0.50,9,D03,ok,28.324589600029867
B,gaussiano_regimen__d21__i0.50,7,D03,ok,41.09798970003612
B,gaussiano_regimen__d63__i1.00,1,D03,ok,18.95911240001442
B,gaussiano_regimen__d63__i1.00,2,D03,ok,19.28230469999835
B,gaussiano_regimen__d21__i0.50,10,D03,ok,24.978988100017887
B,gaussiano_regimen__d63__i1.00,5,D03,ok,18.922178099979647
B,gaussiano_regimen__d63__i1.00,4,D03,ok,22.82776489999378
B,gaussiano_regimen__d63__i1.00,0,D03,ok,27.421248400001787
B,gaussiano_regimen__d63__i1.00,6,D03,ok,24.02627069997834
B,gaussiano_regimen__d63__i1.00,8,D03,ok,14.912717500003057
B,gaussiano_regimen__d63__i1.00,9,D03,ok,14.995652900019197
B,gaussiano_regimen__d63__i1.00,7,D03,ok,21.300926800002344
B,gaussiano_regimen__d63__i1.00,10,D03,ok,18.66408000001684
B,gaussiano_regimen__d63__i0.50,1,D03,ok,21.068232499994338
B,gaussiano_regimen__d63__i0.50,3,D03,ok,18.013871300034225
B,gaussiano_regimen__d63__i0.50,0,D03,ok,24.111180000007156
B,gaussiano_regimen__d63__i0.50,2,D03,ok,23.19001419999404
B,gaussiano_regimen__d63__i0.50,4,D03,ok,20.72164689999772
B,gaussiano_regimen__d63__i0.50,5,D03,ok,21.036470099992584
B,gaussiano_regimen__d63__i0.50,6,D03,ok,19.02556340000592
B,gaussiano_regimen__d63__i0.50,9,D03,ok,17.506133499962743
B,gaussiano_regimen__d63__i0.50,7,D03,ok,26.162365500000305
B,gaussiano_regimen__d63__i0.50,8,D03,ok,23.053782400034837
B,gaussiano_regimen__d252__i1.00,2,D03,ok,15.099387699970976
B,gaussiano_regimen__d252__i1.00,0,D03,ok,17.404007799981628
B,gaussiano_regimen__d252__i1.00,1,D03,ok,17.294451800000388
B,gaussiano_regimen__d252__i1.00,3,D03,ok,14.129605399968568
B,gaussiano_regimen__d63__i0.50,10,D03,ok,22.961043899995275
B,gaussiano_regimen__d252__i1.00,5,D03,ok,16.6791319999611
B,gaussiano_regimen__d252__i1.00,4,D03,ok,17.604422400007024
B,gaussiano_regimen__d252__i1.00,6,D03,ok,16.507338299998082
B,gaussiano_regimen__d252__i1.00,10,D03,ok,11.913410799985286
B,gaussiano_regimen__d252__i1.00,7,D03,ok,14.4558124000323
B,gaussiano_regimen__d252__i1.00,8,D03,ok,16.15939669997897
B,gaussiano_regimen__d252__i0.50,0,D03,ok,17.441172300023027
B,gaussiano_regimen__d252__i1.00,9,D03,ok,18.052446499990765
B,gaussiano_regimen__d252__i0.50,1,D03,ok,16.9865174999577
B,gaussiano_regimen__d252__i0.50,2,D03,ok,15.53216279996559
B,gaussiano_regimen__d252__i0.50,4,D03,ok,17.579637699993327
B,gaussiano_regimen__d252__i0.50,3,D03,ok,18.296650500036776
B,gaussiano_regimen__d252__i0.50,7,D03,ok,16.76015520002693
B,gaussiano_regimen__d252__i0.50,5,D03,ok,20.75153340003453
B,gaussiano_regimen__d252__i0.50,8,D03,ok,19.11985049996292
B,gaussiano_regimen__d252__i0.50,6,D03,ok,22.85436749999644
B,var_regimen__d21__i1.00,0,D03,ok,16.951238000008743
B,gaussiano_regimen__d252__i0.50,10,D03,ok,17.55242189997807
B,var_regimen__d21__i1.00,1,D03,ok,16.63980210002046
B,var_regimen__d21__i1.00,2,D03,ok,13.842525099986233
B,var_regimen__d21__i1.00,3,D03,ok,13.39289280003868
B,gaussiano_regimen__d252__i0.50,9,D03,ok,20.58767470001476
B,var_regimen__d21__i1.00,4,D03,ok,18.28237140004057
B,var_regimen__d21__i1.00,5,D03,ok,16.73379249998834
B,var_regimen__d21__i1.00,7,D03,ok,14.043161100009456
B,var_regimen__d21__i1.00,10,D03,ok,14.440397900005337
B,var_regimen__d21__i1.00,8,D03,ok,15.995405699999536
B,var_regimen__d21__i1.00,6,D03,ok,17.26112129999092
B,var_regimen__d21__i1.00,9,D03,ok,17.211445400025696
B,var_regimen__d21__i0.50,2,D03,ok,16.215131399978418
B,var_regimen__d21__i0.50,1,D03,ok,17.557400200050324
B,var_regimen__d21__i0.50,0,D03,ok,18.219395800028
B,var_regimen__d21__i0.50,3,D03,ok,14.264607099990826
B,var_regimen__d21__i0.50,5,D03,ok,16.96194910001941
B,var_regimen__d21__i0.50,7,D03,ok,15.433438799984287
B,var_regimen__d21__i0.50,8,D03,ok,15.281534300011115
B,var_regimen__d21__i0.50,4,D03,ok,19.68364719999954
B,var_regimen__d21__i0.50,10,D03,ok,14.19395780004561
B,var_regimen__d63__i1.00,1,D03,ok,13.059688300010748
B,var_regimen__d21__i0.50,9,D03,ok,16.67806670005666
B,var_regimen__d21__i0.50,6,D03,ok,19.59446140000364
B,var_regimen__d63__i1.00,0,D03,ok,16.002947899978608
B,var_regimen__d63__i1.00,2,D03,ok,11.90909939998528
B,var_regimen__d63__i1.00,7,D03,ok,10.106094799994024
B,var_regimen__d63__i1.00,4,D03,ok,12.80624629999511
B,var_regimen__d63__i1.00,3,D03,ok,15.017210700025316
B,var_regimen__d63__i1.00,5,D03,ok,13.845198700029869
B,var_regimen__d63__i1.00,8,D03,ok,12.269442000018898
B,var_regimen__d63__i1.00,9,D03,ok,13.271261899964884
B,var_regimen__d63__i1.00,10,D03,ok,14.11821260000579
B,var_regimen__d63__i1.00,6,D03,ok,15.88708559999941
B,var_regimen__d63__i0.50,0,D03,ok,15.533406100003049
B,var_regimen__d63__i0.50,1,D03,ok,13.993106699956115
B,var_regimen__d63__i0.50,4,D03,ok,14.94601859996328
B,var_regimen__d63__i0.50,2,D03,ok,17.139667200041004
B,var_regimen__d63__i0.50,7,D03,ok,13.81406840001
B,var_regimen__d63__i0.50,3,D03,ok,18.279805199999828
B,var_regimen__d63__i0.50,8,D03,ok,14.872500099998431
B,var_regimen__d63__i0.50,5,D03,ok,18.56546710000839
B,var_regimen__d252__i1.00,0,D03,ok,13.593431399960537
B,var_regimen__d63__i0.50,6,D03,ok,20.55332860001363
B,var_regimen__d63__i0.50,9,D03,ok,18.01794210000662
B,var_regimen__d63__i0.50,10,D03,ok,17.251015299989376
B,var_regimen__d252__i1.00,2,D03,ok,11.33178459998453
B,var_regimen__d252__i1.00,3,D03,ok,11.329323799989652
B,var_regimen__d252__i1.00,1,D03,ok,15.020975399995224
B,var_regimen__d252__i1.00,5,D03,ok,11.916578500007745
B,var_regimen__d252__i1.00,7,D03,ok,10.682616300007794
B,var_regimen__d252__i1.00,6,D03,ok,13.284108399995604
B,var_regimen__d252__i1.00,4,D03,ok,15.004356799996458
B,var_regimen__d252__i1.00,10,D03,ok,9.24995269998908
B,var_regimen__d252__i1.00,8,D03,ok,12.1334618999972
B,var_regimen__d252__i1.00,9,D03,ok,13.881925099994987
B,var_regimen__d252__i0.50,0,D03,ok,15.464010299998336
B,var_regimen__d252__i0.50,2,D03,ok,12.25272499996936
B,var_regimen__d252__i0.50,1,D03,ok,15.831316699972376
B,var_regimen__d252__i0.50,3,D03,ok,12.729473899991715
B,var_regimen__d252__i0.50,5,D03,ok,11.634780100022908
B,var_regimen__d252__i0.50,4,D03,ok,12.946336499997416
B,var_regimen__d252__i0.50,8,D03,ok,11.597698500030674
B,var_regimen__d252__i0.50,6,D03,ok,13.414743700006513
B,var_regimen__d252__i0.50,7,D03,ok,14.953431200003251
B,var_regimen__d252__i0.50,9,D03,ok,13.97973429999547
B,var_regimen__d252__i0.50,10,D03,ok,10.509634600020943
B,garch_regimen__d21__i1.00,2,D03,ok,12.647540599980855
B,garch_regimen__d21__i1.00,1,D03,ok,13.802973299985752
B,garch_regimen__d21__i1.00,3,D03,ok,14.28008450003108
B,garch_regimen__d21__i1.00,0,D03,ok,16.09266079997178
B,garch_regimen__d21__i1.00,4,D03,ok,14.664444399997592
B,garch_regimen__d21__i1.00,6,D03,ok,15.023368199996185
B,garch_regimen__d21__i1.00,5,D03,ok,16.12543040001765
B,garch_regimen__d21__i1.00,7,D03,ok,14.496431699953972
B,garch_regimen__d21__i1.00,8,D03,ok,13.764636799984146
B,garch_regimen__d21__i1.00,10,D03,ok,12.215327900019474
B,garch_regimen__d21__i1.00,9,D03,ok,16.172395600005984
B,garch_regimen__d21__i0.50,1,D03,ok,12.187920700001996
B,garch_regimen__d21__i0.50,2,D03,ok,12.43530319997808
B,garch_regimen__d21__i0.50,0,D03,ok,15.260612800018862
B,garch_regimen__d21__i0.50,3,D03,ok,12.87962520000292
B,garch_regimen__d21__i0.50,4,D03,ok,14.231342200015206
B,garch_regimen__d21__i0.50,5,D03,ok,14.654023399983998
B,garch_regimen__d21__i0.50,6,D03,ok,13.69428080000216
B,garch_regimen__d21__i0.50,7,D03,ok,14.588026300014462
B,garch_regimen__d21__i0.50,8,D03,ok,14.40911009995034
B,garch_regimen__d21__i0.50,10,D03,ok,12.435977799992544
B,garch_regimen__d63__i1.00,2,D03,ok,11.19091230002232
B,garch_regimen__d63__i1.00,1,D03,ok,11.98104510002304
B,garch_regimen__d63__i1.00,0,D03,ok,13.713089500030035
B,garch_regimen__d21__i0.50,9,D03,ok,15.978993900003845
B,garch_regimen__d63__i1.00,4,D03,ok,11.756414200004656
B,garch_regimen__d63__i1.00,3,D03,ok,13.15349569998216
B,garch_regimen__d63__i1.00,6,D03,ok,13.137711699993815
B,garch_regimen__d63__i1.00,5,D03,ok,15.404414299991911
B,garch_regimen__d63__i1.00,10,D03,ok,10.926292899996042
B,garch_regimen__d63__i1.00,8,D03,ok,12.683482600026764
B,garch_regimen__d63__i0.50,1,D03,ok,11.220086399989668
B,garch_regimen__d63__i1.00,7,D03,ok,14.164863499987405
B,garch_regimen__d63__i1.00,9,D03,ok,13.060232500021812
B,garch_regimen__d63__i0.50,0,D03,ok,12.731013599957803
B,garch_regimen__d63__i0.50,2,D03,ok,11.158489199995527
B,garch_regimen__d63__i0.50,3,D03,ok,14.384821100044064
B,garch_regimen__d63__i0.50,4,D03,ok,12.278567400004247
B,garch_regimen__d63__i0.50,5,D03,ok,15.094100499991328
B,garch_regimen__d63__i0.50,6,D03,ok,12.541603999969084
B,garch_regimen__d63__i0.50,9,D03,ok,11.689080299984198
B,garch_regimen__d63__i0.50,10,D03,ok,12.448459299979731
B,garch_regimen__d252__i1.00,0,D03,ok,11.836029199999755
B,garch_regimen__d63__i0.50,8,D03,ok,13.42931999999564
B,garch_regimen__d252__i1.00,2,D03,ok,7.64312439999776
B,garch_regimen__d252__i1.00,1,D03,ok,11.219328699982723
B,garch_regimen__d63__i0.50,7,D03,ok,15.114683100022376
B,garch_regimen__d252__i1.00,4,D03,ok,9.809271199977957
B,garch_regimen__d252__i1.00,3,D03,ok,13.420469499949832
B,garch_regimen__d252__i1.00,5,D03,ok,10.298580700007731
B,garch_regimen__d252__i0.50,0,D03,ok,9.390092900022864
B,garch_regimen__d252__i1.00,7,D03,ok,10.557626499969048
B,garch_regimen__d252__i1.00,10,D03,ok,10.097538000030909
B,garch_regimen__d252__i1.00,9,D03,ok,10.858708400046453
B,garch_regimen__d252__i0.50,1,D03,ok,10.707720800011884
B,garch_regimen__d252__i1.00,8,D03,ok,12.657508400036022
B,garch_regimen__d252__i1.00,6,D03,ok,15.602352700021584
B,garch_regimen__d252__i0.50,2,D03,ok,9.858480099996086
B,garch_regimen__d252__i0.50,4,D03,ok,10.739081699983217
B,garch_regimen__d252__i0.50,3,D03,ok,12.376039099995978
B,garch_regimen__d252__i0.50,5,D03,ok,10.059894900012296
B,garch_regimen__d252__i0.50,6,D03,ok,11.064464700000826
B,garch_regimen__d252__i0.50,7,D03,ok,12.291917799971998
B,garch_regimen__d252__i0.50,8,D03,ok,12.423476900032256
B,garch_regimen__d252__i0.50,10,D03,ok,12.093006899987811
B,garch_regimen__d252__i0.50,9,D03,ok,14.2760315000196
B,gaussiano_regimen__d21__i1.00,0,D04,ok,187.75478269997984
B,gaussiano_regimen__d21__i1.00,1,D04,ok,185.6874009000021
B,gaussiano_regimen__d21__i1.00,5,D04,ok,186.28413859999276
B,gaussiano_regimen__d21__i1.00,4,D04,ok,189.0965769999893
B,gaussiano_regimen__d21__i1.00,8,D04,ok,188.17754020000572
B,gaussiano_regimen__d21__i1.00,3,D04,ok,195.1492931999965
B,gaussiano_regimen__d21__i1.00,2,D04,ok,199.0955449999892
B,gaussiano_regimen__d21__i1.00,6,D04,ok,197.45040030003287
B,gaussiano_regimen__d21__i1.00,7,D04,ok,198.9473894999828
B,gaussiano_regimen__d21__i1.00,9,D04,ok,200.55875249998644
B,gaussiano_regimen__d21__i1.00,10,D04,ok,178.5845677999896
B,gaussiano_regimen__d21__i0.50,0,D04,ok,206.1619763000053
B,gaussiano_regimen__d21__i0.50,2,D04,ok,202.00669779995224
B,gaussiano_regimen__d21__i0.50,5,D04,ok,195.2325406000018
B,gaussiano_regimen__d21__i0.50,8,D04,ok,188.24713430000705
B,gaussiano_regimen__d21__i0.50,4,D04,ok,202.1654490999645
B,gaussiano_regimen__d21__i0.50,6,D04,ok,200.5566543000168
B,gaussiano_regimen__d21__i0.50,3,D04,ok,210.46570569998585
B,gaussiano_regimen__d21__i0.50,7,D04,ok,206.49295629997505
B,gaussiano_regimen__d21__i0.50,1,D04,ok,231.8872907999903
B,gaussiano_regimen__d63__i1.00,2,D04,ok,161.9275714000105
B,gaussiano_regimen__d63__i1.00,0,D04,ok,166.37631779996445
B,gaussiano_regimen__d63__i1.00,1,D04,ok,165.6204882999882
B,gaussiano_regimen__d63__i1.00,3,D04,ok,167.7586490000249
B,gaussiano_regimen__d63__i1.00,4,D04,ok,165.49584340001456
B,gaussiano_regimen__d21__i0.50,9,D04,ok,211.2327497000224
B,gaussiano_regimen__d63__i1.00,6,D04,ok,170.73225489998003
B,gaussiano_regimen__d63__i1.00,5,D04,ok,180.60482080001384
B,gaussiano_regimen__d63__i1.00,7,D04,ok,182.1283570000087
B,gaussiano_regimen__d21__i0.50,10,D04,ok,246.3361701000249
B,gaussiano_regimen__d63__i1.00,9,D04,ok,170.27362469997024
B,gaussiano_regimen__d63__i1.00,8,D04,ok,173.21813180000754
B,gaussiano_regimen__d63__i1.00,10,D04,ok,180.51054270000893
B,gaussiano_regimen__d63__i0.50,1,D04,ok,188.32770419999724
B,gaussiano_regimen__d63__i0.50,2,D04,ok,180.71168979996585
B,gaussiano_regimen__d63__i0.50,0,D04,ok,195.97468900005333
B,gaussiano_regimen__d63__i0.50,3,D04,ok,186.0465228999965
B,gaussiano_regimen__d63__i0.50,4,D04,ok,187.02486659999704
B,gaussiano_regimen__d63__i0.50,5,D04,ok,171.28062480001245
B,gaussiano_regimen__d63__i0.50,6,D04,ok,161.96979020000435
B,gaussiano_regimen__d63__i0.50,8,D04,ok,149.66300709999632
B,gaussiano_regimen__d252__i1.00,0,D04,ok,129.8004818999907
B,gaussiano_regimen__d63__i0.50,7,D04,ok,158.3409604000044
B,gaussiano_regimen__d252__i1.00,1,D04,ok,127.4045771000092
B,gaussiano_regimen__d63__i0.50,9,D04,ok,154.96906609996222
B,gaussiano_regimen__d252__i1.00,2,D04,ok,131.8664037999697
B,gaussiano_regimen__d252__i1.00,3,D04,ok,127.99245429999428
B,gaussiano_regimen__d252__i1.00,4,D04,ok,131.40288459998555
B,gaussiano_regimen__d63__i0.50,10,D04,ok,162.37908390001394
B,gaussiano_regimen__d252__i1.00,5,D04,ok,138.19768959999783
B,gaussiano_regimen__d252__i1.00,6,D04,ok,168.54276679997565
B,gaussiano_regimen__d252__i1.00,8,D04,ok,164.25508179998724
B,gaussiano_regimen__d252__i1.00,7,D04,ok,165.85503950004932
B,gaussiano_regimen__d252__i1.00,9,D04,ok,167.66124700004002
B,gaussiano_regimen__d252__i1.00,10,D04,ok,164.27215689996956
B,gaussiano_regimen__d252__i0.50,1,D04,ok,170.33821729995543
B,gaussiano_regimen__d252__i0.50,0,D04,ok,174.59753169998294
B,gaussiano_regimen__d252__i0.50,2,D04,ok,174.91178190003848
B,gaussiano_regimen__d252__i0.50,3,D04,ok,174.41285260004224
B,gaussiano_regimen__d252__i0.50,4,D04,ok,181.90814790001605
B,gaussiano_regimen__d252__i0.50,7,D04,ok,138.24874379998073
B,gaussiano_regimen__d252__i0.50,5,D04,ok,143.75585440004943
B,gaussiano_regimen__d252__i0.50,6,D04,ok,142.65215390000958
B,gaussiano_regimen__d252__i0.50,8,D04,ok,138.19021309999516
B,gaussiano_regimen__d252__i0.50,9,D04,ok,137.85756690002745
B,gaussiano_regimen__d252__i0.50,10,D04,ok,138.03873380000005
B,var_regimen__d21__i1.00,0,D04,ok,160.0081865999964
B,var_regimen__d21__i1.00,1,D04,ok,158.1376951999846
B,var_regimen__d21__i1.00,2,D04,ok,150.48392339999555
B,var_regimen__d21__i1.00,3,D04,ok,138.96644410002045
B,var_regimen__d21__i1.00,4,D04,ok,133.67704680003226
B,var_regimen__d21__i1.00,5,D04,ok,136.14582910004538
B,var_regimen__d21__i1.00,6,D04,ok,137.79428269999335
B,var_regimen__d21__i1.00,7,D04,ok,136.1863594999886
B,var_regimen__d21__i1.00,8,D04,ok,137.13706239999738
B,var_regimen__d21__i1.00,9,D04,ok,139.1182659000042
B,var_regimen__d21__i1.00,10,D04,ok,128.8002272999729
B,var_regimen__d21__i0.50,0,D04,ok,135.38254200003576
B,var_regimen__d21__i0.50,1,D04,ok,143.34614989999682
B,var_regimen__d21__i0.50,2,D04,ok,135.30520399997476
B,var_regimen__d21__i0.50,3,D04,ok,140.36730049998732
B,var_regimen__d21__i0.50,4,D04,ok,144.37807360000443
B,var_regimen__d21__i0.50,5,D04,ok,143.42168369999854
B,var_regimen__d21__i0.50,6,D04,ok,144.29056210001
B,var_regimen__d21__i0.50,7,D04,ok,143.85988850001013
B,var_regimen__d21__i0.50,8,D04,ok,143.27079939999385
B,var_regimen__d21__i0.50,9,D04,ok,142.23970230005216
B,var_regimen__d21__i0.50,10,D04,ok,143.00504949997412
B,var_regimen__d63__i1.00,0,D04,ok,140.64718919998268
B,var_regimen__d63__i1.00,1,D04,ok,139.1825855000061
B,var_regimen__d63__i1.00,2,D04,ok,131.30772770004114
B,var_regimen__d63__i1.00,3,D04,ok,135.14084250002634
B,var_regimen__d63__i1.00,5,D04,ok,136.52889590000268
B,var_regimen__d63__i1.00,4,D04,ok,138.55951660004212
B,var_regimen__d63__i1.00,6,D04,ok,136.7418395000277
B,var_regimen__d63__i1.00,7,D04,ok,125.95953609998104
B,var_regimen__d63__i1.00,8,D04,ok,133.42852030001814
B,var_regimen__d63__i1.00,9,D04,ok,134.135228500003
B,var_regimen__d63__i1.00,10,D04,ok,127.82635410001969
B,var_regimen__d63__i0.50,0,D04,ok,137.56856149999658
B,var_regimen__d63__i0.50,1,D04,ok,146.60720540001057
B,var_regimen__d63__i0.50,2,D04,ok,140.52155379997566
B,var_regimen__d63__i0.50,3,D04,ok,147.74706249998417
B,var_regimen__d63__i0.50,5,D04,ok,148.0265853999881
B,var_regimen__d63__i0.50,4,D04,ok,150.12118339998415
B,var_regimen__d63__i0.50,7,D04,ok,131.7645981000387
B,var_regimen__d63__i0.50,6,D04,ok,152.61044209997635
B,var_regimen__d63__i0.50,8,D04,ok,140.50155669997912
B,var_regimen__d63__i0.50,9,D04,ok,146.5842699999921
B,var_regimen__d63__i0.50,10,D04,ok,141.84282030002214
B,var_regimen__d252__i1.00,0,D04,ok,135.7104324999964
B,var_regimen__d252__i1.00,1,D04,ok,134.63424980000127
B,var_regimen__d252__i1.00,2,D04,ok,125.916209899995
B,var_regimen__d252__i1.00,3,D04,ok,125.33399539999664
B,var_regimen__d252__i1.00,5,D04,ok,123.83829839999088
B,var_regimen__d252__i1.00,4,D04,ok,131.74314239999512
B,var_regimen__d252__i1.00,6,D04,ok,130.12810999999056
B,var_regimen__d252__i1.00,7,D04,ok,128.65333140001167
B,var_regimen__d252__i1.00,8,D04,ok,125.11801410000773
B,var_regimen__d252__i1.00,9,D04,ok,132.19039010000415
B,var_regimen__d252__i1.00,10,D04,ok,122.4221460999688
B,var_regimen__d252__i0.50,2,D04,ok,125.71676720003596
B,var_regimen__d252__i0.50,3,D04,ok,124.24183339998126
B,var_regimen__d252__i0.50,5,D04,ok,117.4876365000382
B,var_regimen__d252__i0.50,0,D04,ok,135.7455018000328
B,var_regimen__d252__i0.50,1,D04,ok,139.21410280000418
B,var_regimen__d252__i0.50,4,D04,ok,133.89270949998172
B,var_regimen__d252__i0.50,6,D04,ok,128.8395795999677
B,var_regimen__d252__i0.50,7,D04,ok,137.17890469997656
B,var_regimen__d252__i0.50,8,D04,ok,130.87593459995696
B,var_regimen__d252__i0.50,9,D04,ok,135.02011979999952
B,var_regimen__d252__i0.50,10,D04,ok,127.35960039997008
B,garch_regimen__d21__i1.00,2,D04,ok,131.6626818999648
B,garch_regimen__d21__i1.00,3,D04,ok,125.64111460000277
B,garch_regimen__d21__i1.00,1,D04,ok,135.9092210000381
B,garch_regimen__d21__i1.00,0,D04,ok,138.2737982000108
B,garch_regimen__d21__i1.00,4,D04,ok,151.30762580002192
B,garch_regimen__d21__i1.00,5,D04,ok,140.35336630005622
B,garch_regimen__d21__i1.00,6,D04,ok,139.1118328999728
B,garch_regimen__d21__i1.00,7,D04,ok,137.88511219999054
B,garch_regimen__d21__i1.00,8,D04,ok,128.22644649998983
B,garch_regimen__d21__i1.00,10,D04,ok,126.55992299999345
B,garch_regimen__d21__i1.00,9,D04,ok,138.2429088000208
B,garch_regimen__d21__i0.50,1,D04,ok,130.40839229995618
B,garch_regimen__d21__i0.50,2,D04,ok,128.67433170002187
B,garch_regimen__d21__i0.50,0,D04,ok,140.01667430001544
B,garch_regimen__d21__i0.50,3,D04,ok,115.7837441000156
B,garch_regimen__d21__i0.50,4,D04,ok,134.3321789000183
B,garch_regimen__d21__i0.50,5,D04,ok,132.97981320001418
B,garch_regimen__d21__i0.50,6,D04,ok,134.18909310002346
B,garch_regimen__d21__i0.50,7,D04,ok,137.51712090004003
B,garch_regimen__d21__i0.50,8,D04,ok,123.89142830000492
B,garch_regimen__d21__i0.50,10,D04,ok,124.16444449999835
B,garch_regimen__d21__i0.50,9,D04,ok,133.62892789999023
B,garch_regimen__d63__i1.00,2,D04,ok,117.51185549999354
B,garch_regimen__d63__i1.00,1,D04,ok,123.96611110004596
B,garch_regimen__d63__i1.00,0,D04,ok,135.99397279997356
B,garch_regimen__d63__i1.00,4,D04,ok,120.50657690002116
B,garch_regimen__d63__i1.00,3,D04,ok,132.2458843999775
B,garch_regimen__d63__i1.00,5,D04,ok,132.67100389994448
B,garch_regimen__d63__i1.00,10,D04,ok,115.54737990000284
B,garch_regimen__d63__i1.00,7,D04,ok,130.86763839999912
B,garch_regimen__d63__i1.00,6,D04,ok,133.014281700016
B,garch_regimen__d63__i1.00,8,D04,ok,130.67594770004507
B,garch_regimen__d63__i0.50,1,D04,ok,123.06608349998714
B,garch_regimen__d63__i1.00,9,D04,ok,130.67995910003083
B,garch_regimen__d63__i0.50,0,D04,ok,136.42801029997645
B,garch_regimen__d63__i0.50,2,D04,ok,121.95898629998555
B,garch_regimen__d63__i0.50,3,D04,ok,136.1772613999783
B,garch_regimen__d63__i0.50,4,D04,ok,121.32575899997028
B,garch_regimen__d63__i0.50,10,D04,ok,118.84527640003944
B,garch_regimen__d63__i0.50,5,D04,ok,133.4238742000307
B,garch_regimen__d63__i0.50,6,D04,ok,135.54352040000958
B,garch_regimen__d63__i0.50,7,D04,ok,133.90732040000148
B,garch_regimen__d63__i0.50,8,D04,ok,134.35199809999904
B,garch_regimen__d252__i1.00,0,D04,ok,119.95554439997068
B,garch_regimen__d63__i0.50,9,D04,ok,131.91860319999978
B,garch_regimen__d252__i1.00,1,D04,ok,126.6440666000126
B,garch_regimen__d252__i1.00,2,D04,ok,118.6208618999808
B,garch_regimen__d252__i1.00,3,D04,ok,126.90980939997826
B,garch_regimen__d252__i1.00,4,D04,ok,119.4286738000228
B,garch_regimen__d252__i1.00,5,D04,ok,120.35809669998709
B,garch_regimen__d252__i1.00,7,D04,ok,120.51750070002164
B,garch_regimen__d252__i1.00,6,D04,ok,125.79520729999058
B,garch_regimen__d252__i1.00,9,D04,ok,122.89452679996612
B,garch_regimen__d252__i1.00,10,D04,ok,123.63722929998768
B,garch_regimen__d252__i1.00,8,D04,ok,129.2238530999748
B,garch_regimen__d252__i0.50,0,D04,ok,120.17987089999951
B,garch_regimen__d252__i0.50,1,D04,ok,127.92983949999324
B,gaussiano_regimen__d21__i1.00,0,D06,ok,6.6600618999800645
B,garch_regimen__d252__i0.50,2,D04,ok,119.2863997000386
B,gaussiano_regimen__d21__i1.00,1,D06,ok,5.104583799955435
B,gaussiano_regimen__d21__i1.00,2,D06,ok,5.937561900005676
B,gaussiano_regimen__d21__i1.00,3,D06,ok,5.77951080002822
B,gaussiano_regimen__d21__i1.00,4,D06,ok,6.095913700002711
B,gaussiano_regimen__d21__i1.00,5,D06,ok,5.891725299996324
B,gaussiano_regimen__d21__i1.00,6,D06,ok,5.284040300000925
B,gaussiano_regimen__d21__i1.00,7,D06,ok,6.330975499993656
B,gaussiano_regimen__d21__i1.00,8,D06,ok,6.915078899997752
B,gaussiano_regimen__d21__i1.00,9,D06,ok,5.618146699969657
B,gaussiano_regimen__d21__i1.00,10,D06,ok,6.185740099987015
B,gaussiano_regimen__d21__i0.50,1,D06,ok,5.799396999995224
B,gaussiano_regimen__d21__i0.50,0,D06,ok,9.307231799990404
B,gaussiano_regimen__d21__i0.50,3,D06,ok,6.843515400018077
B,gaussiano_regimen__d21__i0.50,2,D06,ok,9.323149700008798
B,gaussiano_regimen__d21__i0.50,4,D06,ok,7.851840199960861
B,gaussiano_regimen__d21__i0.50,5,D06,ok,7.494428300007712
B,garch_regimen__d252__i0.50,3,D04,ok,119.67220130003987
B,garch_regimen__d252__i0.50,4,D04,ok,121.01485330000288
B,gaussiano_regimen__d21__i0.50,6,D06,ok,5.216825200011954
B,gaussiano_regimen__d21__i0.50,7,D06,ok,7.016497100004926
B,garch_regimen__d252__i0.50,5,D04,ok,118.71973720000824
B,gaussiano_regimen__d21__i0.50,8,D06,ok,7.615412599989213
B,gaussiano_regimen__d21__i0.50,10,D06,ok,7.077662600029726
B,gaussiano_regimen__d21__i0.50,9,D06,ok,7.537949200021103
B,gaussiano_regimen__d63__i1.00,0,D06,ok,5.764460499980487
B,gaussiano_regimen__d63__i1.00,1,D06,ok,5.92130200000247
B,gaussiano_regimen__d63__i1.00,2,D06,ok,5.941448100027628
B,garch_regimen__d252__i0.50,6,D04,ok,121.13589400000636
B,garch_regimen__d252__i0.50,7,D04,ok,120.58880750002572
B,gaussiano_regimen__d63__i1.00,4,D06,ok,6.169019400025718
B,gaussiano_regimen__d63__i1.00,3,D06,ok,6.49084220000077
B,gaussiano_regimen__d63__i1.00,5,D06,ok,6.066415799956303
B,gaussiano_regimen__d63__i1.00,6,D06,ok,6.156050499994308
B,gaussiano_regimen__d63__i1.00,7,D06,ok,5.966417399991769
B,gaussiano_regimen__d63__i1.00,8,D06,ok,5.801888000045437
B,gaussiano_regimen__d63__i1.00,9,D06,ok,5.502873699995689
B,gaussiano_regimen__d63__i1.00,10,D06,ok,5.9103260999545455
B,gaussiano_regimen__d63__i0.50,0,D06,ok,6.148477900016587
B,gaussiano_regimen__d63__i0.50,1,D06,ok,7.082802699995227
B,garch_regimen__d252__i0.50,8,D04,ok,127.88021470000967
B,garch_regimen__d252__i0.50,9,D04,ok,125.2521468999912
B,gaussiano_regimen__d63__i0.50,2,D06,ok,7.204582000034861
B,gaussiano_regimen__d63__i0.50,4,D06,ok,6.933465000009164
B,gaussiano_regimen__d63__i0.50,3,D06,ok,8.225977799971588
B,gaussiano_regimen__d63__i0.50,5,D06,ok,7.149133800005075
B,gaussiano_regimen__d63__i0.50,6,D06,ok,6.215531900001224
B,gaussiano_regimen__d63__i0.50,7,D06,ok,7.605257400020491
B,gaussiano_regimen__d63__i0.50,9,D06,ok,6.215704399975948
B,gaussiano_regimen__d63__i0.50,8,D06,ok,7.399353300046641
B,gaussiano_regimen__d252__i1.00,0,D06,ok,6.122519500029739
B,gaussiano_regimen__d63__i0.50,10,D06,ok,7.137935600010678
B,gaussiano_regimen__d252__i1.00,1,D06,ok,6.033094400016125
B,gaussiano_regimen__d252__i1.00,3,D06,ok,6.298223699966911
B,gaussiano_regimen__d252__i1.00,2,D06,ok,7.46883190004155
B,gaussiano_regimen__d252__i1.00,4,D06,ok,7.041949800041039
B,gaussiano_regimen__d252__i1.00,6,D06,ok,6.16540520003764
B,gaussiano_regimen__d252__i1.00,5,D06,ok,7.379060499952175
B,gaussiano_regimen__d252__i1.00,8,D06,ok,6.335399299976416
B,gaussiano_regimen__d252__i1.00,7,D06,ok,6.68113819998689
B,gaussiano_regimen__d252__i1.00,9,D06,ok,5.934599399974104
B,gaussiano_regimen__d252__i1.00,10,D06,ok,6.293837699980941
B,gaussiano_regimen__d252__i0.50,0,D06,ok,6.941082099976484
B,gaussiano_regimen__d252__i0.50,1,D06,ok,6.367142700008117
B,gaussiano_regimen__d252__i0.50,3,D06,ok,6.8410781000275165
B,gaussiano_regimen__d252__i0.50,2,D06,ok,8.784990500018466
B,gaussiano_regimen__d252__i0.50,6,D06,ok,6.748337099968921
B,gaussiano_regimen__d252__i0.50,4,D06,ok,7.641205099993385
B,gaussiano_regimen__d252__i0.50,8,D06,ok,6.649167800031137
B,gaussiano_regimen__d252__i0.50,5,D06,ok,7.786536499974318
B,gaussiano_regimen__d252__i0.50,7,D06,ok,7.341753799992148
B,garch_regimen__d252__i0.50,10,D04,ok,124.58232710004086
B,gaussiano_regimen__d252__i0.50,9,D06,ok,6.203807700017933
B,gaussiano_regimen__d252__i0.50,10,D06,ok,7.074751199979801
B,var_regimen__d21__i1.00,1,D06,ok,7.784596499986947
B,var_regimen__d21__i1.00,3,D06,ok,7.161844599992037
B,var_regimen__d21__i1.00,0,D06,ok,9.256683800020255
B,var_regimen__d21__i1.00,5,D06,ok,7.32220110000344
B,var_regimen__d21__i1.00,2,D06,ok,8.23011060000863
B,var_regimen__d21__i1.00,6,D06,ok,8.024199200037401
B,var_regimen__d21__i1.00,8,D06,ok,7.086959000036586
B,var_regimen__d21__i1.00,9,D06,ok,6.612794500018936
B,var_regimen__d21__i1.00,4,D06,ok,9.550127700029408
B,var_regimen__d21__i1.00,7,D06,ok,8.170506099995691
B,var_regimen__d21__i1.00,10,D06,ok,7.236839300021529
B,var_regimen__d21__i0.50,3,D06,ok,7.134777500003111
B,var_regimen__d21__i0.50,2,D06,ok,7.312096599955112
B,var_regimen__d21__i0.50,0,D06,ok,8.71392750000814
B,var_regimen__d21__i0.50,5,D06,ok,7.632043999969028
B,var_regimen__d21__i0.50,4,D06,ok,8.79168020002544
B,var_regimen__d21__i0.50,7,D06,ok,8.011822399974335
B,var_regimen__d21__i0.50,6,D06,ok,8.336916799948085
B,var_regimen__d21__i0.50,8,D06,ok,9.50064729998121
B,var_regimen__d21__i0.50,1,D06,ok,12.557725600025153
B,var_regimen__d21__i0.50,9,D06,ok,7.574477799993474
B,var_regimen__d63__i1.00,0,D06,ok,7.710036900010891
B,var_regimen__d63__i1.00,3,D06,ok,6.538487899990287
B,var_regimen__d63__i1.00,1,D06,ok,8.354121899988968
B,var_regimen__d21__i0.50,10,D06,ok,9.030865299981087
B,var_regimen__d63__i1.00,4,D06,ok,7.144798900000751
B,var_regimen__d63__i1.00,2,D06,ok,8.196901899995282
B,var_regimen__d63__i1.00,5,D06,ok,7.21726820000913
B,var_regimen__d63__i1.00,6,D06,ok,7.687393800006248
B,var_regimen__d63__i1.00,8,D06,ok,6.342223799962085
B,var_regimen__d63__i1.00,7,D06,ok,8.431268099986482
B,var_regimen__d63__i1.00,9,D06,ok,7.353771699999925
B,var_regimen__d63__i1.00,10,D06,ok,7.488802200008649
B,var_regimen__d63__i0.50,3,D06,ok,6.790446099999826
B,var_regimen__d63__i0.50,4,D06,ok,7.768234800023492
B,var_regimen__d63__i0.50,1,D06,ok,9.39217850001296
B,var_regimen__d63__i0.50,2,D06,ok,8.689251100004185
B,var_regimen__d63__i0.50,0,D06,ok,11.105124499998055
B,var_regimen__d63__i0.50,5,D06,ok,8.090779200021643
B,var_regimen__d63__i0.50,6,D06,ok,8.731070500041824
B,var_regimen__d63__i0.50,8,D06,ok,7.106657299969811
B,var_regimen__d63__i0.50,7,D06,ok,9.254334900004324
B,var_regimen__d63__i0.50,9,D06,ok,8.24661269999342
B,var_regimen__d252__i1.00,0,D06,ok,6.859245800005738
B,var_regimen__d63__i0.50,10,D06,ok,8.29086179996375
B,var_regimen__d252__i1.00,1,D06,ok,6.612552100035828
B,var_regimen__d252__i1.00,2,D06,ok,6.818191800033674
B,var_regimen__d252__i1.00,3,D06,ok,6.64769419998629
B,var_regimen__d252__i1.00,4,D06,ok,6.638392200053204
B,var_regimen__d252__i1.00,5,D06,ok,6.555638700025156
B,var_regimen__d252__i1.00,6,D06,ok,6.8568032999755815
B,var_regimen__d252__i1.00,7,D06,ok,6.628397399967071
B,var_regimen__d252__i1.00,9,D06,ok,6.45067409996409
B,var_regimen__d252__i1.00,8,D06,ok,6.904858299996704
B,var_regimen__d252__i1.00,10,D06,ok,6.818501900008414
B,var_regimen__d252__i0.50,1,D06,ok,6.914970899990294
B,var_regimen__d252__i0.50,0,D06,ok,7.256195800029673
B,var_regimen__d252__i0.50,2,D06,ok,6.933017100032885
B,var_regimen__d252__i0.50,3,D06,ok,7.143867199949455
B,var_regimen__d252__i0.50,4,D06,ok,7.31290960003389
B,var_regimen__d252__i0.50,5,D06,ok,7.366320999979507
B,var_regimen__d252__i0.50,6,D06,ok,7.212613699957728
B,garch_regimen__d21__i1.00,0,D06,ok,5.254100100020878
B,var_regimen__d252__i0.50,7,D06,ok,6.643719899991993
B,var_regimen__d252__i0.50,8,D06,ok,6.896963499952108
B,var_regimen__d252__i0.50,9,D06,ok,6.698033699998632
B,var_regimen__d252__i0.50,10,D06,ok,6.789726500050165
B,garch_regimen__d21__i1.00,1,D06,ok,5.784719299990684
B,garch_regimen__d21__i1.00,2,D06,ok,5.425125300011132
B,garch_regimen__d21__i1.00,3,D06,ok,4.913380000041798
B,garch_regimen__d21__i1.00,5,D06,ok,5.328640700026881
B,garch_regimen__d21__i1.00,4,D06,ok,5.558055899979081
B,garch_regimen__d21__i1.00,6,D06,ok,5.131101600010879
B,garch_regimen__d21__i1.00,7,D06,ok,4.979549999989104
B,garch_regimen__d21__i1.00,8,D06,ok,5.110754599969368
B,garch_regimen__d21__i1.00,10,D06,ok,5.042121500009671
B,garch_regimen__d21__i1.00,9,D06,ok,5.748017100035213
B,garch_regimen__d21__i0.50,0,D06,ok,5.118735000025481
B,garch_regimen__d21__i0.50,1,D06,ok,5.708585900021717
B,garch_regimen__d21__i0.50,2,D06,ok,5.434781099960674
B,garch_regimen__d21__i0.50,3,D06,ok,4.936913000012282
B,garch_regimen__d21__i0.50,4,D06,ok,5.580950700037647
B,garch_regimen__d21__i0.50,6,D06,ok,5.025846500007901
B,garch_regimen__d21__i0.50,5,D06,ok,5.281707999994978
B,garch_regimen__d21__i0.50,7,D06,ok,5.122421299980488
B,garch_regimen__d21__i0.50,8,D06,ok,5.27638430002844
B,garch_regimen__d21__i0.50,10,D06,ok,5.105707900016569
B,garch_regimen__d21__i0.50,9,D06,ok,5.748457900015637
B,garch_regimen__d63__i1.00,0,D06,ok,5.114729299966712
B,garch_regimen__d63__i1.00,1,D06,ok,5.168035899987444
B,garch_regimen__d63__i1.00,2,D06,ok,5.050172799965367
B,garch_regimen__d63__i1.00,5,D06,ok,4.69289220002247
B,garch_regimen__d63__i1.00,3,D06,ok,5.113450800010469
B,garch_regimen__d63__i1.00,4,D06,ok,5.342673300008755
B,garch_regimen__d63__i1.00,6,D06,ok,5.293296799995005
B,garch_regimen__d63__i1.00,7,D06,ok,4.95458730001701
B,garch_regimen__d63__i1.00,8,D06,ok,5.206527500005905
B,garch_regimen__d63__i1.00,9,D06,ok,5.175447700021323
B,garch_regimen__d63__i1.00,10,D06,ok,5.022991399979219
B,garch_regimen__d63__i0.50,0,D06,ok,5.147933700005524
B,garch_regimen__d63__i0.50,1,D06,ok,5.137853700027335
B,garch_regimen__d63__i0.50,3,D06,ok,5.082211799977813
B,garch_regimen__d63__i0.50,2,D06,ok,5.124913399980869
B,garch_regimen__d63__i0.50,4,D06,ok,5.276753599988297
B,garch_regimen__d63__i0.50,5,D06,ok,4.83679289999418
B,garch_regimen__d63__i0.50,6,D06,ok,5.5251011999789625
B,garch_regimen__d63__i0.50,7,D06,ok,5.076148200023454
B,garch_regimen__d63__i0.50,8,D06,ok,5.190166899992619
B,garch_regimen__d63__i0.50,9,D06,ok,5.3603649999713525
B,garch_regimen__d63__i0.50,10,D06,ok,5.675278400012758
B,garch_regimen__d252__i1.00,0,D06,ok,5.659650999994483
B,garch_regimen__d252__i1.00,3,D06,ok,4.844756699982099
B,garch_regimen__d252__i1.00,2,D06,ok,5.82340509997448
B,garch_regimen__d252__i1.00,1,D06,ok,5.836938499996904
B,garch_regimen__d252__i1.00,4,D06,ok,5.403904300008435
B,garch_regimen__d252__i1.00,7,D06,ok,5.28937880002195
B,garch_regimen__d252__i1.00,5,D06,ok,5.879734699963592
B,garch_regimen__d252__i1.00,6,D06,ok,6.03448789997492
B,garch_regimen__d252__i1.00,9,D06,ok,4.811430900008418
B,garch_regimen__d252__i1.00,8,D06,ok,5.864457899995614
B,garch_regimen__d252__i1.00,10,D06,ok,5.554519299999811
B,garch_regimen__d252__i0.50,0,D06,ok,5.057954799965955
B,garch_regimen__d252__i0.50,2,D06,ok,5.171161899983417
B,garch_regimen__d252__i0.50,3,D06,ok,4.766294600034598
B,garch_regimen__d252__i0.50,1,D06,ok,5.553564100002404
B,gaussiano_regimen__d21__i1.00,0,D07,ok,1.4692028000135906
B,gaussiano_regimen__d21__i1.00,1,D07,ok,1.4780123000382446
B,gaussiano_regimen__d21__i1.00,2,D07,ok,1.4832909999531694
B,garch_regimen__d252__i0.50,4,D06,ok,5.236523800005671
B,garch_regimen__d252__i0.50,5,D06,ok,5.29127069999231
B,garch_regimen__d252__i0.50,6,D06,ok,5.203954700031318
B,garch_regimen__d252__i0.50,7,D06,ok,4.9848713999963365
B,gaussiano_regimen__d21__i1.00,3,D07,ok,1.5107053000247106
B,gaussiano_regimen__d21__i1.00,4,D07,ok,1.5283425999805331
B,garch_regimen__d252__i0.50,8,D06,ok,5.326185600017197
B,gaussiano_regimen__d21__i1.00,5,D07,ok,1.5721616999944672
B,gaussiano_regimen__d21__i1.00,6,D07,ok,1.54447560000699
B,gaussiano_regimen__d21__i1.00,7,D07,ok,1.5436606999719515
B,gaussiano_regimen__d21__i1.00,8,D07,ok,1.5166237999801524
B,garch_regimen__d252__i0.50,9,D06,ok,4.660028299957048
B,gaussiano_regimen__d21__i1.00,9,D07,ok,1.545101199997589
B,gaussiano_regimen__d21__i1.00,10,D07,ok,1.5486256000003775
B,gaussiano_regimen__d21__i0.50,0,D07,ok,1.542272499995306
B,gaussiano_regimen__d21__i0.50,1,D07,ok,1.5089621000224724
B,garch_regimen__d252__i0.50,10,D06,ok,5.19451979995938
B,gaussiano_regimen__d21__i0.50,2,D07,ok,1.5242013999959454
B,gaussiano_regimen__d21__i0.50,3,D07,ok,1.4973049000254832
B,gaussiano_regimen__d21__i0.50,4,D07,ok,1.523242199968081
B,gaussiano_regimen__d21__i0.50,5,D07,ok,1.5159768000012264
B,gaussiano_regimen__d21__i0.50,6,D07,ok,1.5192222999758087
B,gaussiano_regimen__d21__i0.50,7,D07,ok,1.54120779997902
B,gaussiano_regimen__d21__i0.50,8,D07,ok,1.4913749000406824
B,gaussiano_regimen__d21__i0.50,9,D07,ok,1.5280708999489434
B,gaussiano_regimen__d21__i0.50,10,D07,ok,1.508174400019925
B,gaussiano_regimen__d63__i1.00,0,D07,ok,1.5317576000234112
B,gaussiano_regimen__d63__i1.00,1,D07,ok,1.526728299970273
B,gaussiano_regimen__d63__i1.00,2,D07,ok,1.5040566000388935
B,gaussiano_regimen__d63__i1.00,3,D07,ok,1.53470349998679
B,gaussiano_regimen__d63__i1.00,4,D07,ok,1.5228050999576226
B,gaussiano_regimen__d63__i1.00,5,D07,ok,1.5273266999865882
B,gaussiano_regimen__d63__i1.00,6,D07,ok,1.518040499999188
B,gaussiano_regimen__d63__i1.00,7,D07,ok,1.5489738999749534
B,gaussiano_regimen__d63__i1.00,8,D07,ok,1.5133743000333195
B,gaussiano_regimen__d63__i1.00,9,D07,ok,1.5276323000434786
B,gaussiano_regimen__d63__i1.00,10,D07,ok,1.536584600049537
B,gaussiano_regimen__d63__i0.50,0,D07,ok,1.4943321999744512
B,gaussiano_regimen__d63__i0.50,1,D07,ok,1.504900500003714
B,gaussiano_regimen__d63__i0.50,2,D07,ok,1.4718288999865765
B,gaussiano_regimen__d63__i0.50,3,D07,ok,1.4671669999952428
B,gaussiano_regimen__d63__i0.50,4,D07,ok,1.4826927000540309
B,gaussiano_regimen__d63__i0.50,5,D07,ok,1.5181091999984346
B,gaussiano_regimen__d63__i0.50,7,D07,ok,1.524535599979572
B,gaussiano_regimen__d63__i0.50,8,D07,ok,1.5154851999832315
B,gaussiano_regimen__d63__i0.50,9,D07,ok,1.5288927999790758
B,gaussiano_regimen__d63__i0.50,6,D07,ok,1.543766000017058
B,gaussiano_regimen__d63__i0.50,10,D07,ok,1.5496842000284232
B,gaussiano_regimen__d252__i1.00,1,D07,ok,1.5574898999766449
B,gaussiano_regimen__d252__i1.00,0,D07,ok,1.5680945999920368
B,gaussiano_regimen__d252__i1.00,2,D07,ok,1.559795299952384
B,gaussiano_regimen__d252__i1.00,3,D07,ok,1.5734642000170425
B,gaussiano_regimen__d252__i1.00,4,D07,ok,1.5207526999874972
B,gaussiano_regimen__d252__i1.00,5,D07,ok,1.525786200014409
B,gaussiano_regimen__d252__i1.00,6,D07,ok,1.555116800009273
B,gaussiano_regimen__d252__i1.00,7,D07,ok,1.5402393999975177
B,gaussiano_regimen__d252__i1.00,8,D07,ok,1.563148099987302
B,gaussiano_regimen__d252__i1.00,10,D07,ok,1.5462124000187032
B,gaussiano_regimen__d252__i1.00,9,D07,ok,1.559623300039675
B,gaussiano_regimen__d252__i0.50,0,D07,ok,1.549841900006868
B,gaussiano_regimen__d252__i0.50,1,D07,ok,1.5266666000243276
B,gaussiano_regimen__d252__i0.50,2,D07,ok,1.5414420999586582
B,gaussiano_regimen__d252__i0.50,3,D07,ok,1.5464482000097632
B,gaussiano_regimen__d252__i0.50,5,D07,ok,1.511979500006419
B,gaussiano_regimen__d252__i0.50,4,D07,ok,1.5499346000142395
B,gaussiano_regimen__d252__i0.50,6,D07,ok,1.5275160999735815
B,gaussiano_regimen__d252__i0.50,7,D07,ok,1.4979544000234457
B,gaussiano_regimen__d252__i0.50,8,D07,ok,1.4616974999662489
B,gaussiano_regimen__d252__i0.50,10,D07,ok,1.488319500000216
B,gaussiano_regimen__d252__i0.50,9,D07,ok,1.5256950999610126
B,var_regimen__d21__i1.00,0,D07,ok,1.4857186999870464
B,var_regimen__d21__i1.00,1,D07,ok,1.5195174000109546
B,var_regimen__d21__i1.00,2,D07,ok,1.525151400011964
B,var_regimen__d21__i1.00,4,D07,ok,1.561879199987743
B,var_regimen__d21__i1.00,3,D07,ok,1.5657597000245005
B,var_regimen__d21__i1.00,5,D07,ok,1.57742349995533
B,var_regimen__d21__i1.00,6,D07,ok,1.542005399998743
B,var_regimen__d21__i1.00,7,D07,ok,1.5475129999686033
B,var_regimen__d21__i1.00,8,D07,ok,1.5867148999823255
B,var_regimen__d21__i1.00,9,D07,ok,1.573769300011918
B,var_regimen__d21__i1.00,10,D07,ok,1.5870517999865117
B,var_regimen__d21__i0.50,0,D07,ok,1.544733799993992
B,var_regimen__d21__i0.50,1,D07,ok,1.5613128000404686
B,var_regimen__d21__i0.50,3,D07,ok,1.537705399969127
B,var_regimen__d21__i0.50,2,D07,ok,1.5943661999772305
B,var_regimen__d21__i0.50,4,D07,ok,1.5985790999839082
B,var_regimen__d21__i0.50,5,D07,ok,1.5571980000240728
B,var_regimen__d21__i0.50,6,D07,ok,1.5900059000123292
B,var_regimen__d21__i0.50,8,D07,ok,1.5697189000202345
B,var_regimen__d21__i0.50,7,D07,ok,1.583455399959348
B,var_regimen__d21__i0.50,9,D07,ok,1.5829110000049695
B,var_regimen__d21__i0.50,10,D07,ok,1.5711574000306427
B,var_regimen__d63__i1.00,0,D07,ok,1.5576836000545882
B,var_regimen__d63__i1.00,1,D07,ok,1.5582086000358686
B,var_regimen__d63__i1.00,2,D07,ok,1.5463831999804825
B,var_regimen__d63__i1.00,3,D07,ok,1.5437213000259362
B,var_regimen__d63__i1.00,4,D07,ok,1.5420500000473112
B,var_regimen__d63__i1.00,5,D07,ok,1.5177276999456808
B,var_regimen__d63__i1.00,6,D07,ok,1.511956900008954
B,var_regimen__d63__i1.00,7,D07,ok,1.5103901000111364
B,var_regimen__d63__i1.00,8,D07,ok,1.5031934999860823
B,var_regimen__d63__i1.00,9,D07,ok,1.5104240999789909
B,var_regimen__d63__i1.00,10,D07,ok,1.5537059999769554
B,var_regimen__d63__i0.50,0,D07,ok,1.603046500007622
B,var_regimen__d63__i0.50,2,D07,ok,1.5582391999778338
B,var_regimen__d63__i0.50,1,D07,ok,1.5764772000256926
B,var_regimen__d63__i0.50,3,D07,ok,1.5498603000305593
B,var_regimen__d63__i0.50,4,D07,ok,1.5487169999978505
B,var_regimen__d63__i0.50,6,D07,ok,1.5503830999950878
B,var_regimen__d63__i0.50,5,D07,ok,1.5786737999878824
B,var_regimen__d63__i0.50,8,D07,ok,1.522821699967608
B,var_regimen__d63__i0.50,7,D07,ok,1.613320000004023
B,var_regimen__d63__i0.50,9,D07,ok,1.5630390000296757
B,var_regimen__d63__i0.50,10,D07,ok,1.5261672999477014
B,var_regimen__d252__i1.00,1,D07,ok,1.5442492999718525
B,var_regimen__d252__i1.00,0,D07,ok,1.5784948999644255
B,var_regimen__d252__i1.00,2,D07,ok,1.549450499995146
B,var_regimen__d252__i1.00,3,D07,ok,1.5337725999997929
B,var_regimen__d252__i1.00,4,D07,ok,1.5370444000000134
B,var_regimen__d252__i1.00,5,D07,ok,1.548644400027115
B,var_regimen__d252__i1.00,6,D07,ok,1.52150570001686
B,var_regimen__d252__i1.00,7,D07,ok,1.5162248999695294
B,var_regimen__d252__i1.00,8,D07,ok,1.5185361000476405
B,var_regimen__d252__i1.00,9,D07,ok,1.5484260999946855
B,var_regimen__d252__i1.00,10,D07,ok,1.5324402000405826
B,var_regimen__d252__i0.50,0,D07,ok,1.5762721999781206
B,var_regimen__d252__i0.50,1,D07,ok,1.5722517999820411
B,var_regimen__d252__i0.50,2,D07,ok,1.5333427999867126
B,var_regimen__d252__i0.50,3,D07,ok,1.4696394000202415
B,var_regimen__d252__i0.50,4,D07,ok,1.521501699986402
B,var_regimen__d252__i0.50,5,D07,ok,1.543775399972219
B,var_regimen__d252__i0.50,6,D07,ok,1.5278636999428272
B,var_regimen__d252__i0.50,8,D07,ok,1.472471299988683
B,var_regimen__d252__i0.50,7,D07,ok,1.5414660000242293
B,var_regimen__d252__i0.50,9,D07,ok,1.5156287000281736
B,var_regimen__d252__i0.50,10,D07,ok,1.5062720000278205
B,garch_regimen__d21__i1.00,0,D07,ok,1.5381227000034414
B,garch_regimen__d21__i1.00,1,D07,ok,1.5209298999980092
B,garch_regimen__d21__i1.00,2,D07,ok,1.5603303000098094
B,garch_regimen__d21__i1.00,3,D07,ok,1.5479424999793991
B,garch_regimen__d21__i1.00,4,D07,ok,1.5171490000211634
B,garch_regimen__d21__i1.00,5,D07,ok,1.5368891000398437
B,garch_regimen__d21__i1.00,7,D07,ok,1.5221319000120277
B,garch_regimen__d21__i1.00,6,D07,ok,1.5411255999933928
B,garch_regimen__d21__i1.00,8,D07,ok,1.5155642000027
B,garch_regimen__d21__i1.00,9,D07,ok,1.5146552000078373
B,garch_regimen__d21__i1.00,10,D07,ok,1.546906899951864
B,garch_regimen__d21__i0.50,0,D07,ok,1.5181207999703474
B,garch_regimen__d21__i0.50,1,D07,ok,1.5470194999943487
B,garch_regimen__d21__i0.50,2,D07,ok,1.5557759999646803
B,garch_regimen__d21__i0.50,3,D07,ok,1.5502312000025995
B,garch_regimen__d21__i0.50,4,D07,ok,1.5517411999753676
B,garch_regimen__d21__i0.50,6,D07,ok,1.5146789000136778
B,garch_regimen__d21__i0.50,5,D07,ok,1.543399700021837
B,garch_regimen__d21__i0.50,7,D07,ok,1.5319289999897592
B,garch_regimen__d21__i0.50,8,D07,ok,1.514477299991995
B,garch_regimen__d21__i0.50,9,D07,ok,1.5098659000359476
B,garch_regimen__d21__i0.50,10,D07,ok,1.5075181999709455
B,garch_regimen__d63__i1.00,0,D07,ok,1.5489030999597162
B,garch_regimen__d63__i1.00,1,D07,ok,1.509395900007803
B,garch_regimen__d63__i1.00,2,D07,ok,1.5089736999943852
B,garch_regimen__d63__i1.00,3,D07,ok,1.5411879000021145
B,garch_regimen__d63__i1.00,5,D07,ok,1.5268102999543771
B,garch_regimen__d63__i1.00,4,D07,ok,1.5496058000135235
B,garch_regimen__d63__i1.00,6,D07,ok,1.5486825000261888
B,garch_regimen__d63__i1.00,7,D07,ok,1.5657710999948904
B,garch_regimen__d63__i1.00,8,D07,ok,1.5548190000117756
B,garch_regimen__d63__i1.00,9,D07,ok,1.5482406000373885
B,garch_regimen__d63__i1.00,10,D07,ok,1.527258799993433
B,garch_regimen__d63__i0.50,0,D07,ok,1.5323039999930188
B,garch_regimen__d63__i0.50,1,D07,ok,1.5151361000025645
B,garch_regimen__d63__i0.50,2,D07,ok,1.5133266000193544
B,garch_regimen__d63__i0.50,4,D07,ok,1.5132146999821998
B,garch_regimen__d63__i0.50,3,D07,ok,1.5305523999850266
B,garch_regimen__d63__i0.50,5,D07,ok,1.5091014000354337
B,garch_regimen__d63__i0.50,6,D07,ok,1.5110381999984384
B,garch_regimen__d63__i0.50,7,D07,ok,1.4981867999886165
B,garch_regimen__d63__i0.50,8,D07,ok,1.5119956999551505
B,garch_regimen__d63__i0.50,9,D07,ok,1.4984307000413537
B,garch_regimen__d63__i0.50,10,D07,ok,1.4898131000227297
B,garch_regimen__d252__i1.00,0,D07,ok,1.523454500013031
B,garch_regimen__d252__i1.00,1,D07,ok,1.486186900001485
B,garch_regimen__d252__i1.00,2,D07,ok,1.5199690000154078
B,garch_regimen__d252__i1.00,3,D07,ok,1.5186679000034928
B,garch_regimen__d252__i1.00,4,D07,ok,1.5165351000032388
B,garch_regimen__d252__i1.00,5,D07,ok,1.5187843999592587
B,garch_regimen__d252__i1.00,6,D07,ok,1.5280554000055415
B,garch_regimen__d252__i1.00,7,D07,ok,1.508291200036183
B,garch_regimen__d252__i1.00,8,D07,ok,1.5113545999629423
B,garch_regimen__d252__i1.00,9,D07,ok,1.5179188000038266
B,garch_regimen__d252__i1.00,10,D07,ok,1.5229928999906406
B,garch_regimen__d252__i0.50,0,D07,ok,1.5044093999895267
B,garch_regimen__d252__i0.50,2,D07,ok,1.5190009999787435
B,garch_regimen__d252__i0.50,1,D07,ok,1.5443332000286318
B,garch_regimen__d252__i0.50,3,D07,ok,1.5186824999982491
B,garch_regimen__d252__i0.50,4,D07,ok,1.5417179000214674
B,garch_regimen__d252__i0.50,5,D07,ok,1.5046311999903992
B,garch_regimen__d252__i0.50,6,D07,ok,1.5099630000186153
B,garch_regimen__d252__i0.50,7,D07,ok,1.5286295000114478
B,garch_regimen__d252__i0.50,8,D07,ok,1.5255519999773242
B,garch_regimen__d252__i0.50,9,D07,ok,1.509219600004144
B,garch_regimen__d252__i0.50,10,D07,ok,1.4898049000184983
B,gaussiano_regimen__d21__i1.00,7,D09,ok,47.53055379999569
B,gaussiano_regimen__d21__i1.00,9,D09,ok,49.51576939999359
B,gaussiano_regimen__d21__i1.00,6,D09,ok,49.70239940000465
B,gaussiano_regimen__d21__i1.00,0,D09,ok,50.3509250000352
B,gaussiano_regimen__d21__i1.00,3,D09,ok,50.37451809999766
B,gaussiano_regimen__d21__i1.00,5,D09,ok,51.6224786999519
B,gaussiano_regimen__d21__i1.00,4,D09,ok,53.34381809999468
B,gaussiano_regimen__d21__i1.00,2,D09,ok,54.58558059995994
B,gaussiano_regimen__d21__i1.00,1,D09,ok,54.82740989996819
B,gaussiano_regimen__d21__i1.00,8,D09,ok,57.78768810001202
B,gaussiano_regimen__d21__i0.50,3,D09,ok,44.248165099998005
B,gaussiano_regimen__d21__i0.50,6,D09,ok,43.77871069998946
B,gaussiano_regimen__d21__i0.50,0,D09,ok,49.193557500024326
B,gaussiano_regimen__d21__i0.50,2,D09,ok,49.033476100012194
B,gaussiano_regimen__d21__i0.50,5,D09,ok,47.162965000025
B,gaussiano_regimen__d21__i0.50,7,D09,ok,46.519735699985176
B,gaussiano_regimen__d21__i1.00,10,D09,ok,54.48953099997016
B,gaussiano_regimen__d21__i0.50,4,D09,ok,51.34568709996529
B,gaussiano_regimen__d21__i0.50,1,D09,ok,56.44868900004076
B,gaussiano_regimen__d21__i0.50,8,D09,ok,55.020942999981344
B,gaussiano_regimen__d21__i0.50,9,D09,ok,47.62517909996677
B,gaussiano_regimen__d21__i0.50,10,D09,ok,48.36991710000439
B,gaussiano_regimen__d63__i1.00,1,D09,ok,48.26273379998747
B,gaussiano_regimen__d63__i1.00,5,D09,ok,48.35663650004426
B,gaussiano_regimen__d63__i1.00,0,D09,ok,52.65155569999479
B,gaussiano_regimen__d63__i1.00,3,D09,ok,51.94164679996902
B,gaussiano_regimen__d63__i1.00,6,D09,ok,50.97747700003674
B,gaussiano_regimen__d63__i1.00,4,D09,ok,61.98658779996913
B,gaussiano_regimen__d63__i1.00,2,D09,ok,64.05413499998394
B,gaussiano_regimen__d63__i1.00,7,D09,ok,51.895336500019766
B,gaussiano_regimen__d63__i1.00,8,D09,ok,50.72004139999626
B,gaussiano_regimen__d63__i0.50,0,D09,ok,46.60790110001108
B,gaussiano_regimen__d63__i0.50,1,D09,ok,50.97022700001253
B,gaussiano_regimen__d63__i1.00,10,D09,ok,55.41642770002363
B,gaussiano_regimen__d63__i0.50,3,D09,ok,46.59144859999651
B,gaussiano_regimen__d63__i1.00,9,D09,ok,60.64576169999782
B,gaussiano_regimen__d63__i0.50,6,D09,ok,46.102894700015895
B,gaussiano_regimen__d63__i0.50,5,D09,ok,46.69034590001684
B,gaussiano_regimen__d63__i0.50,2,D09,ok,59.5502294000471
B,gaussiano_regimen__d63__i0.50,4,D09,ok,53.72160639998037
B,gaussiano_regimen__d63__i0.50,7,D09,ok,49.60854200000176
B,gaussiano_regimen__d63__i0.50,8,D09,ok,54.56708599999547
B,gaussiano_regimen__d63__i0.50,10,D09,ok,52.7543139999616
B,gaussiano_regimen__d63__i0.50,9,D09,ok,56.72967580001568
B,gaussiano_regimen__d252__i1.00,0,D09,ok,55.60804550000466
B,gaussiano_regimen__d252__i1.00,1,D09,ok,57.05217589996755
B,gaussiano_regimen__d252__i1.00,2,D09,ok,57.558569099986926
B,gaussiano_regimen__d252__i1.00,5,D09,ok,51.312927399994805
B,gaussiano_regimen__d252__i1.00,3,D09,ok,62.77391370001715
B,gaussiano_regimen__d252__i1.00,4,D09,ok,61.65676220000023
B,gaussiano_regimen__d252__i1.00,6,D09,ok,53.802243200014345
B,gaussiano_regimen__d252__i1.00,7,D09,ok,51.8410176000325
B,gaussiano_regimen__d252__i1.00,8,D09,ok,52.26693440001691
B,gaussiano_regimen__d252__i1.00,10,D09,ok,57.22868800000288
B,gaussiano_regimen__d252__i1.00,9,D09,ok,59.81001970003126
B,gaussiano_regimen__d252__i0.50,0,D09,ok,58.59903969999869
B,gaussiano_regimen__d252__i0.50,2,D09,ok,54.87817050004378
B,gaussiano_regimen__d252__i0.50,4,D09,ok,53.66356740001356
B,gaussiano_regimen__d252__i0.50,1,D09,ok,62.87325130001409
B,gaussiano_regimen__d252__i0.50,3,D09,ok,62.22648640000261
B,gaussiano_regimen__d252__i0.50,5,D09,ok,53.786292500037234
B,gaussiano_regimen__d252__i0.50,7,D09,ok,52.27058579999721
B,gaussiano_regimen__d252__i0.50,6,D09,ok,58.91658970003482
B,gaussiano_regimen__d252__i0.50,8,D09,ok,52.60993919998873
B,gaussiano_regimen__d252__i0.50,9,D09,ok,57.50053840002511
B,gaussiano_regimen__d252__i0.50,10,D09,ok,54.1167443000013
B,var_regimen__d21__i1.00,0,D09,ok,64.31285009998828
B,var_regimen__d21__i1.00,1,D09,ok,65.48966510000173
B,var_regimen__d21__i1.00,3,D09,ok,65.96637109998846
B,var_regimen__d21__i1.00,2,D09,ok,76.79195159999654
B,var_regimen__d21__i1.00,4,D09,ok,64.43635169998743
B,var_regimen__d21__i1.00,6,D09,ok,57.298535000009
B,var_regimen__d21__i1.00,5,D09,ok,64.62300090002827
B,var_regimen__d21__i1.00,7,D09,ok,71.49114800000098
B,var_regimen__d21__i1.00,8,D09,ok,66.26423580001574
B,var_regimen__d21__i1.00,9,D09,ok,71.96876220003469
B,var_regimen__d21__i1.00,10,D09,ok,67.4219357999973
B,var_regimen__d21__i0.50,0,D09,ok,62.786614799988456
B,var_regimen__d21__i0.50,1,D09,ok,63.7261268000002
B,var_regimen__d21__i0.50,3,D09,ok,63.87963979999768
B,var_regimen__d21__i0.50,2,D09,ok,75.2975450999802
B,var_regimen__d21__i0.50,4,D09,ok,66.89999100001296
B,var_regimen__d21__i0.50,5,D09,ok,67.55727930000285
B,var_regimen__d21__i0.50,6,D09,ok,63.448153700039256
B,var_regimen__d21__i0.50,7,D09,ok,74.31780649995198
B,var_regimen__d21__i0.50,8,D09,ok,69.20977459999267
B,var_regimen__d21__i0.50,10,D09,ok,68.60718219995033
B,var_regimen__d63__i1.00,0,D09,ok,61.96217200002866
B,var_regimen__d21__i0.50,9,D09,ok,78.17808290000539
B,var_regimen__d63__i1.00,1,D09,ok,57.01447749999352
B,var_regimen__d63__i1.00,2,D09,ok,63.0433795999852
B,var_regimen__d63__i1.00,3,D09,ok,60.99213629995938
B,var_regimen__d63__i1.00,4,D09,ok,72.95805780001683
B,var_regimen__d63__i1.00,6,D09,ok,62.755817500001285
B,var_regimen__d63__i1.00,5,D09,ok,75.96848139999202
B,var_regimen__d63__i1.00,7,D09,ok,69.21506449999288
B,var_regimen__d63__i1.00,10,D09,ok,56.7941192999715
B,var_regimen__d63__i1.00,9,D09,ok,66.69388350000372
B,var_regimen__d63__i1.00,8,D09,ok,71.11852950003231
B,var_regimen__d63__i0.50,0,D09,ok,64.82917939999606
B,var_regimen__d63__i0.50,1,D09,ok,62.31329879997065
B,var_regimen__d63__i0.50,2,D09,ok,68.12989579996793
B,var_regimen__d63__i0.50,3,D09,ok,62.15718759997981
B,var_regimen__d63__i0.50,5,D09,ok,68.70532549999189
B,var_regimen__d63__i0.50,4,D09,ok,69.16556330001913
B,var_regimen__d63__i0.50,6,D09,ok,63.5077759999549
B,var_regimen__d63__i0.50,10,D09,ok,59.06156459997874
B,var_regimen__d63__i0.50,7,D09,ok,69.46293600002537
B,var_regimen__d63__i0.50,8,D09,ok,66.13832420000108
B,var_regimen__d63__i0.50,9,D09,ok,65.37198900000658
B,var_regimen__d252__i1.00,0,D09,ok,65.44920179998735
B,var_regimen__d252__i1.00,1,D09,ok,67.43144349998329
B,var_regimen__d252__i1.00,2,D09,ok,61.8537401999929
B,var_regimen__d252__i1.00,5,D09,ok,59.4976386000053
B,var_regimen__d252__i1.00,3,D09,ok,61.83642469998449
B,var_regimen__d252__i1.00,6,D09,ok,58.181926499994006
B,var_regimen__d252__i1.00,4,D09,ok,68.94946340000024
B,var_regimen__d252__i1.00,9,D09,ok,67.37630050000735
B,var_regimen__d252__i1.00,10,D09,ok,59.7693178000045
B,var_regimen__d252__i1.00,7,D09,ok,74.40725910000037
B,var_regimen__d252__i1.00,8,D09,ok,79.45026599999983
B,var_regimen__d252__i0.50,0,D09,ok,64.37670899997465
B,var_regimen__d252__i0.50,1,D09,ok,72.38254120002966
B,var_regimen__d252__i0.50,2,D09,ok,61.82602709997445
B,var_regimen__d252__i0.50,3,D09,ok,61.64081660000375
B,var_regimen__d252__i0.50,5,D09,ok,56.42399440001464
B,var_regimen__d252__i0.50,4,D09,ok,73.29673789994558
B,var_regimen__d252__i0.50,6,D09,ok,62.40977329999441
B,var_regimen__d252__i0.50,7,D09,ok,63.455578799999785
B,var_regimen__d252__i0.50,9,D09,ok,67.73043580004014
B,var_regimen__d252__i0.50,8,D09,ok,73.36883520003175
B,var_regimen__d252__i0.50,10,D09,ok,71.48996190004982
B,garch_regimen__d21__i1.00,0,D09,ok,63.65686020004796
B,garch_regimen__d21__i1.00,3,D09,ok,59.06587779999245
B,garch_regimen__d21__i1.00,2,D09,ok,61.67076010000892
B,garch_regimen__d21__i1.00,1,D09,ok,70.02021220000461
B,garch_regimen__d21__i1.00,4,D09,ok,69.02738280000631
B,garch_regimen__d21__i1.00,6,D09,ok,70.72523009998258
B,garch_regimen__d21__i1.00,8,D09,ok,64.10487959999591
B,garch_regimen__d21__i1.00,5,D09,ok,87.06228730001021
B,garch_regimen__d21__i1.00,9,D09,ok,65.56406060000882
B,garch_regimen__d21__i1.00,7,D09,ok,81.10753680003108
B,garch_regimen__d21__i1.00,10,D09,ok,75.5681867999956
B,garch_regimen__d21__i0.50,0,D09,ok,68.33505459997104
B,garch_regimen__d21__i0.50,2,D09,ok,60.9724722999963
B,garch_regimen__d21__i0.50,1,D09,ok,69.61276089999592
B,garch_regimen__d21__i0.50,3,D09,ok,59.45583929994609
B,garch_regimen__d21__i0.50,4,D09,ok,66.40436240000417
B,garch_regimen__d21__i0.50,6,D09,ok,66.53136520000407
B,garch_regimen__d21__i0.50,8,D09,ok,60.17571059998591
B,garch_regimen__d21__i0.50,5,D09,ok,82.02288880001288
B,garch_regimen__d21__i0.50,9,D09,ok,62.28920559998369
B,garch_regimen__d21__i0.50,7,D09,ok,83.2788881000015
B,garch_regimen__d63__i1.00,0,D09,ok,67.6266437000013
B,garch_regimen__d63__i1.00,1,D09,ok,67.88760770001682
B,garch_regimen__d21__i0.50,10,D09,ok,72.64809580001747
B,garch_regimen__d63__i1.00,2,D09,ok,63.41472679999424
B,garch_regimen__d63__i1.00,3,D09,ok,70.64329019997967
B,garch_regimen__d63__i1.00,4,D09,ok,69.9976266999729
B,garch_regimen__d63__i1.00,5,D09,ok,65.66596230003051
B,garch_regimen__d63__i1.00,10,D09,ok,54.43245809996733
B,garch_regimen__d63__i1.00,7,D09,ok,64.44075670000166
B,garch_regimen__d63__i1.00,6,D09,ok,75.84241790004307
B,garch_regimen__d63__i1.00,9,D09,ok,65.19160449999617
B,garch_regimen__d63__i0.50,0,D09,ok,62.83870410005329
B,garch_regimen__d63__i1.00,8,D09,ok,69.99560359999305
B,garch_regimen__d63__i0.50,1,D09,ok,69.71153860003687
B,garch_regimen__d63__i0.50,2,D09,ok,59.77957640000386
B,garch_regimen__d63__i0.50,4,D09,ok,73.4644417000236
B,garch_regimen__d63__i0.50,3,D09,ok,73.83191369997803
B,garch_regimen__d63__i0.50,7,D09,ok,63.58785489998991
B,garch_regimen__d63__i0.50,10,D09,ok,56.73449860000983
B,garch_regimen__d63__i0.50,5,D09,ok,69.99909950001165
B,garch_regimen__d63__i0.50,9,D09,ok,62.39110059995437
B,garch_regimen__d63__i0.50,8,D09,ok,65.95158970000921
B,garch_regimen__d63__i0.50,6,D09,ok,74.3851144000073
B,garch_regimen__d252__i1.00,0,D09,ok,68.56798519997392
B,garch_regimen__d252__i1.00,1,D09,ok,75.08457459998317
B,garch_regimen__d252__i1.00,5,D09,ok,52.4924544999958
B,garch_regimen__d252__i1.00,2,D09,ok,62.931629900005646
B,garch_regimen__d252__i1.00,3,D09,ok,70.66682420001598
B,garch_regimen__d252__i1.00,9,D09,ok,66.54142289998708
B,garch_regimen__d252__i1.00,7,D09,ok,71.48822140000993
B,garch_regimen__d252__i1.00,4,D09,ok,78.28726389998337
B,garch_regimen__d252__i1.00,8,D09,ok,71.76039170002332
B,garch_regimen__d252__i1.00,6,D09,ok,86.25664470001357
B,garch_regimen__d252__i1.00,10,D09,ok,74.71891930000857
B,garch_regimen__d252__i0.50,0,D09,ok,69.83498499996495
B,garch_regimen__d252__i0.50,2,D09,ok,64.91856120002922
B,garch_regimen__d252__i0.50,5,D09,ok,48.29561859997921
B,garch_regimen__d252__i0.50,3,D09,ok,63.555300499952864
B,garch_regimen__d252__i0.50,1,D09,ok,76.90379479998956
B,garch_regimen__d252__i0.50,7,D09,ok,59.37616849999176
B,garch_regimen__d252__i0.50,4,D09,ok,67.2540633000317
B,garch_regimen__d252__i0.50,6,D09,ok,66.83249659999274
B,garch_regimen__d252__i0.50,8,D09,ok,66.2571441999753
B,garch_regimen__d252__i0.50,9,D09,ok,55.57523620000575
B,garch_regimen__d252__i0.50,10,D09,ok,49.62851329997648
